bank,raw_tx_id,booking_date,amount_eur,concept,category,cat_method,nota
caixa,169355d14a2d4162,2026-03-12,-8582.5,UME,Sonido/Luces,user,"NO es UME: es PROFESIONAL DJ (Sonido, Iluminación y Publicidad Profesional SL, Murcia) — cabina DJ, pedido 98063 (8.508 + 74,50 sin justificar). FALTA FACTURA (Borja debe dar el email del pedido a Israel García)."
caixa,c31217f2c0e07579,2026-04-16,189.99,UME,Financiero,user,
caixa,3bdc11228d4b634f,2026-04-30,-1126.85,CNX 0001176170,Obra,user,
caixa,b9617999ab468431,2026-04-30,-1126.85,CNX 0001176170,Obra,user,
caixa,1e0679049508fa79,2026-04-30,-542.71,ALIEXPRESS,Equipamiento,user,
caixa,8edb0e96f17f440b,2026-05-01,1126.85,TRANSF. A SU FAVOR,Obra,user,
caixa,c52c2a9855e4afd0,2026-05-07,-95.59,pulseras,Gastos extra actividad,user,
caixa,a62e5c563141fb8d,2026-05-08,-5000.0,2 parte factura,Insonorización,user,
caixa,575fa74808bc61cb,2026-05-11,-138.0,TRF.INTERNACIONAL,Marketing,user,
caixa,691979e133048033,2026-05-15,-1200.32,mesa refrigerada,Equipamiento,user,
caixa,c498a13eee64642b,2026-05-22,-12000.0,parte 2 certifica,Obra,user,
caixa,2fde73816df450a6,2026-05-26,-10000.0,parte 3 certifica,Obra,user,
caixa,ce3629a2a4a36edf,2026-05-27,-2376.21,neveras,Equipamiento,user,
caixa,88ebdc423f0409b0,2026-05-28,-10178.54,ultima parte cert,Obra,user,
caixa,08be8c1e7ed73d57,2026-05-28,-1149.33,software,"Legal, gestión, software",user,
caixa,66fd13555c03de4f,2026-06-02,-579.34,tostadora y grill,Equipamiento,user,
caixa,8be6ea8a82e5faa4,2026-06-05,-10000.0,sonido 1parte,Sonido/Luces,user,
caixa,a6c7a57c9e13fd5d,2026-06-07,4000.0,TRANSFER INMEDIATA,Préstamo socios,user,
caixa,53ef9093e727f946,2026-06-07,5000.0,TRANSFER INMEDIATA,Préstamo socios,user,
caixa,d286f239c1305bf4,2026-06-08,-10000.0,parte 1 certifica,Obra,user,
caixa,b766482fbbb10166,2026-06-08,3000.0,TRASPASO,Préstamo socios,user,
caixa,a94bf5c0106f7c84,2026-06-08,10000.0,TRANSFER INMEDIATA,Obra,user,
caixa,54a85d12d731ab64,2026-06-08,-181.45,pago prezo,"Legal, gestión, software",user,
caixa,85e13bf86bd15a64,2026-06-09,-126.97,CARREF EL PASEO,Equipamiento,user,
caixa,5286f14f331d1b56,2026-06-10,-102.0,RESTAURANTE PLATO,Gastos extra actividad,user,
santander,2a45ee3e294894bf,2026-06-15,-9000.0,Transferencia A Favor De Florente Concepto: Parte 1 Certificación 3,Obra,user,
caixa,33be7d76a2df28bf,2026-06-17,-50.1,DECOFIESTA,Equipamiento,user,
caixa,4213c478e8699a5d,2026-06-19,-32.0,BAZAR CHINO,Equipamiento,user,
caixa,9b1f74cc472ba24f,2026-06-19,-40.0,LICENCIA TAXI Nç,Gastos extra actividad,user,
caixa,070866f0637205f6,2026-06-19,-50.3,AQUALAR PISCINAS,Equipamiento,user,
caixa,221df374fc803959,2026-06-19,-67.41,SUMINISTRSO UNIC,Equipamiento,user,
caixa,b84a5f507155d820,2026-06-23,-49.54,AQUALAR PISCINAS,Equipamiento,user,
caixa,1c17652591ab98e4,2026-06-26,-10.2,BAZAR CHINO,Equipamiento,user,
caixa,30b9ca20627155f1,2026-06-26,-172.62,COCA COLA EUROPAC,COGS,user,
caixa,8f2776b6d56bd4b7,2026-06-27,2000.0,TRASPASO,Movimiento entre cuentas,user,
caixa,b5e743b91edfa0ad,2026-06-30,-25.0,RESTAURANTE PLATO,Gastos extra actividad,user,
caixa,8264773a6ca16025,2026-06-30,-18.0,BAZAR CHINO,Equipamiento,user,
caixa,073c4367dc5c0948,2026-07-01,-605.0,BARTER CONSULTANC,Marketing,user,
caixa,3deed18311fe5b6c,2026-07-02,-37.2,RESTAURANTE PLATO,Gastos extra actividad,user,
santander,0f411e807be33d67,2026-07-02,-3000.0,Su Orden De Imposicion En Contrato A Plazo 0049 7343 30 20000770,Financiero,user,
caixa,1f3a393dc2bbf9f8,2026-07-04,-1.4,"BAZAR VI§ADOR, SL",Equipamiento,user,
caixa,f3c5d7a2c0333aed,2026-07-06,-27.95,REST.BOOKING,Gastos extra actividad,user,
caixa,44328f2e99675e48,2026-07-06,-50.0,BAZAR CHINO,Equipamiento,user,
caixa,dfeb925bed01304c,2026-07-06,-39.3,VENTA LA BLANCA P,Gastos extra actividad,user,
caixa,dbe641da6628ba53,2026-07-07,-6.23,MARKET URB. EL GU,Gastos extra actividad,user,
santander,82b9833228c835a0,2026-07-08,-2371.6,Transferencia Inmediata A Favor De Viento Creativo Concepto Cartel Fachada,Obra,user,
caixa,eca3b41f156ff75d,2026-07-08,1000.0,TRANSFER INMEDIATA,Movimiento entre cuentas,user,
santander,5ca3f2e40eef6295,2026-07-09,-300.14,Transferencia A Favor De Id Hostelería Concepto: Fregadero,Equipamiento,user,
santander,8e51e935cd29dcad,2026-07-09,-5000.0,Transferencia A Favor De Florente Concepto: Parte Deuda,Obra,user,
caixa,bf2f53309dc7461a,2026-07-10,-116.46,LEROY MERLIN JERE,Equipamiento,user,
santander,5666e1605d8d789a,2026-07-13,-4000.0,Transferencia A Favor De Merino Concepto: Pago Merino 1,COGS,user,
santander,befea2f93605acdb,2026-07-13,-9500.0,Disposicion Efectivo En Oficina 7343 En Concepto De Retirada 1,Personal,user,
santander,214433f3131799f0,2026-07-13,-521.0,Transferencia A Favor De Hielo Expresss Concepto: Enviado Por Banco Santander,COGS,user,
santander,7c6ee67890521308,2026-07-13,-4537.5,Transferencia A Favor De Stima 21 Concepto: Honorarios Arquitecto,Arquitectos,user,
santander,62ed4e3c47cfa1a0,2026-07-14,-4000.0,Transferencia A Favor De Melgarejo Concepto: Deuda 1,COGS,user,
santander,886e83d131f9a5c9,2026-07-14,-5000.0,Transferencia A Favor De Aycoa Concepto: Deuda David,Sonido/Luces,user,
santander,70ccf0bb1b00d706,2026-07-14,2850.0,Ingreso En Efectivo De Ybarra Navarrete Francisco De Borja En Concepto De Reingreso En Suc. 0049 7343,Movimiento entre cuentas,user,
santander,7013ad80eb2e5e8a,2026-07-15,3000.0,Su Orden De Disposicion Anticipada Del Contrato A Plazo 0049 7343 30 20000770,Financiero,user,
santander,58b5c8e94d8d86c7,2026-07-15,-100.0,Disposicion Efectivo En Oficina 7343,Personal,user,
santander,eaae7e79bc086a61,2026-07-15,-5000.0,Transferencia A Favor De Viento Creativo Concepto: Enviado Por Banco Santander,Obra,user,
caixa,e8de58c22ba04214,2026-07-16,500.0,TRANSFER INMEDIATA,Movimiento entre cuentas,user,
caixa,66539648781bcce2,2026-07-17,-6.14,FRUTERIA VISTAHER,COGS,user,
caixa,30d034d3e39819a7,2026-07-17,1000.0,TRANSFER INMEDIATA,Movimiento entre cuentas,user,
caixa,b35605b4c329d686,2026-07-17,-165.24,COCA COLA EUROPAC,COGS,user,
caixa,9ec83d26ea04154c,2026-07-17,-249.62,COCA COLA EUROPAC,COGS,user,
santander,b23ab4df43ab875f,2026-07-17,750.0,"Transferencia Inmediata De Javier Manuel Mora Figueroa Borrero, Concepto Reservado 17 Septiembre Javier Mora Figueroa",Ingresos,user,
caixa,b8a41c99c32c2aab,2026-07-20,-73.69,IMPUESTOS AEAT,Impuestos,user,
caixa,3f77da79af400cff,2026-07-20,-5000.0,devolucion presta,Préstamo socios,user,
caixa,58095b5bada56878,2026-07-20,5000.0,TRANSFER INMEDIATA,Movimiento entre cuentas,user,
caixa,533cfad13f6d72c4,2026-07-20,-381.04,COCA COLA EUROPAC,COGS,user,
santander,c0d11fb1348e3e97,2026-07-20,-160.78,"Compra Internet En Doyouspain.com, Castellon De Es, Tarj. :*565836",Gastos extra actividad,user,
santander,90dac95f27c370f1,2026-07-20,-192.39,Transferencia A Favor De Love My Bar Concepto: Cartas,Gastos extra actividad,user,
santander,c2750ce5d36caf47,2026-07-20,-8145.5,Transferencia A Favor De Bs Aislamientos Concepto: Último Pago Bs,Insonorización,user,
santander,1532a7ecc98febcb,2026-07-20,-5000.0,Transferencia A Favor De Merino Concepto: Pago 2 Merino,COGS,user,
santander,e5594ad1fc73b0aa,2026-07-20,-6000.0,Su Orden De Imposicion En Contrato A Plazo 0049 7343 30 20000771,Financiero,user,
santander,e4fc422c0fb0c0b0,2026-07-20,-871.2,Transferencia A Favor De Ignacio Concepto: Cerrajero Muebles,Equipamiento,user,
santander,0be29d34d00b2167,2026-07-20,-700.0,Transferencia Inmediata A Favor De Paco Concepto Formación Cocina,Personal,user,
santander,87fcb89c53952b7c,2026-07-21,-9.57,"Pago Movil En El Jamon 197, Pto Sta Mariaes, Tarj. :*565836",COGS,user,
santander,a891c3fe9c20083c,2026-07-22,-1069.1,Transferencia A Favor De Hielo Express Concepto: Hielos,COGS,user,
santander,a9d131089c5aebbe,2026-07-22,-5000.0,Transferencia A Favor De Melgarejo Concepto: Deuda 2,COGS,user,
santander,c653560e2d8ee25a,2026-07-22,-29.34,"Pago Movil En La Parafarmacia, El Puerto De Es, Tarj. :*565836",Gastos extra actividad,user,
santander,c9ff1006a7d9d757,2026-07-22,-12.9,"Pago Movil En Papeleria Vista, Puerto Santa Es, Tarj. :*565836",Gastos extra actividad,user,
santander,c2af47616b3b1a67,2026-07-23,-43.2,"Pago Movil En Buzo, Cadiz Es, Tarj. :*565836",Gastos extra actividad,user,
santander,73c643d2342c2a67,2026-07-24,-6000.0,Transferencia A Favor De Merino Concepto: Merino 3,COGS,user,
santander,cd3321e60cf3ec32,2026-07-24,-140.0,"Reintegro, Atm:00497343, Puerto De Sanes, Tarj. :*565836",Personal,user,
santander,46735549fc5d97d3,2026-07-24,-609.46,"Recibo Mapfre, Concepto: Recibo:8814545031 Poliza:0742680123590 Del 07072026 Al 07012027 Nif:b22859946 Multirriesgo Segun Consta En Poliza Tef:900822822",Costes Fijos,user,
santander,c4037849893649da,2026-07-24,-12.01,"Pago Movil En Fruteria Vistah, Cadiz Es, Tarj. :*565836",COGS,user,
santander,cf3047cb4f8a1e98,2026-07-27,-12.71,"Pago Movil En Farmacia Vistah, Pto Sta Mariaes, Tarj. :*565836",Gastos extra actividad,user,
santander,f957460a1fde09ed,2026-07-27,-3000.0,Disposicion Efectivo En Oficina 7343,Personal,user,
santander,f7bee0815b6f6be0,2026-07-27,-200.0,Disposicion Efectivo En Oficina 7343 En Concepto De Cambio,Personal,user,
santander,bc339747bc5f6764,2026-07-27,-136.71,"Recibo Mapfre Vida S.a, Concepto: Rec:8819623067 Pol:0622000.0000.000000 Del 17.07.26 Al 01.01.27 Nif:b22859946 117-colect. Riesgo Renovatemporal Anual Renovabl Tef:900810852",Costes Fijos,user,
santander,4202ee629aa98e7c,2026-07-28,-5000.0,Transferencia A Favor De Mantec Concepto: Pago Aires 2,Obra,user,
santander,edd54c710ea3faeb,2026-07-28,-10000.0,Transferencia A Favor De Mantec Concepto: Pago Final Aires 1,Obra,user,
santander,f819635179ef6512,2026-07-29,-5000.0,Transferencia A Favor De Aycoa Concepto: Deuda Sonido,Sonido/Luces,user,
santander,7ec5c4a58c90b687,2026-07-30,-500.0,"Pago Movil En Jamones La Enci, El Puerto De Es, Tarj. :*565836",COGS,user,
santander,56face14b9fd0b8b,2026-07-30,-500.0,"Pago Movil En Jamones La Enci, El Puerto De Es, Tarj. :*565836",COGS,user,
caixa,76f5ffcb871dcedf,2026-07-31,40059.78,TRANSF. A SU FAVOR,IVA (REDEME),user,
santander,71fab6eacf7bc15e,2026-07-31,-1.15,"Pago Movil En El Jamon 197, Pto Sta Mariaes, Tarj. :*565836",COGS,user,
santander,af5c03a80a641a8e,2026-08-03,-44.7,"Pago Movil En El Jamon 197, Pto Sta Mariaes, Tarj. :*565836",COGS,user,
santander,03fa9186c11c4fb7,2026-08-03,-217.0,Transferencia A Favor De Álvaro Gómez Concepto: Devolución,Ingresos,user,
caixa,9751f0fc6fbc6379,2026-08-04,-269.12,DEPOSITOS DE CUEN,Financiero,user,
santander,10f027139d5aafc1,2026-08-04,-1531.0,Transferencia A Favor De Hielos Concepto: Hielos,COGS,user,
santander,01b58e860c5c0369,2026-08-04,-200.0,Disposicion Efectivo En Oficina 7343 En Concepto De Cambio,Personal,user,
santander,392798c787ff2039,2026-08-04,-387.42,"Recibo Mapfre, Concepto: Recibo:8814438584 Poliza:0962600015510 Del 06072026 Al 06072027 Nif:b22859946 Seguro De R. 934a Bares, Cafeterias, Pubs, Resttef:900822822",Costes Fijos,user,
santander,6256addd79037dcb,2026-08-04,-10000.0,Transferencia A Favor De Merino Concepto: Pago Merino,COGS,user,
caixa,811254541143fa6a,2026-08-05,-3000.0,devolucion presta,Préstamo socios,user,
caixa,f4f45a7dba597918,2026-08-05,7000.0,TRANSFER INMEDIATA,Movimiento entre cuentas,user,
caixa,c839969820364dca,2026-08-05,-40.57,COCA COLA EUROPAC,COGS,user,
santander,ec8af2075cf3db1a,2026-08-05,2.25,Bonificacion A Clientes,Financiero,user,
santander,2ce72b1874277e71,2026-08-05,-1062.0,"Pago Movil En Jamones La Enci, El Puerto De Es, Tarj. :*565836",COGS,user,
santander,5f0dbd66907192e3,2026-08-05,-8591.0,Transferencia A Favor De Stima Concepto: Pago Arquitecto,Arquitectos,user,
santander,832e857b2edfb137,2026-08-05,-11214.8,Transferencia A Favor De Mantec Concepto: Pago Aire,Obra,user,
santander,8120b779de0c7405,2026-08-05,-290.0,Disposicion Efectivo En Oficina 7343 En Concepto De Cambio,Personal,user,
santander,6e5ba2a873028231,2026-08-06,-7263.56,"Recibo Melgarejo Distribuidores De Bebidas S.l Nº Recibo 0049 7343 755 Bbdjlcx Ref. Mandato 6445es4700497343712310017971, De",COGS,user,
santander,c73da9067e2b9351,2026-08-06,-4088.04,"Recibo Melgarejo Distribuidores De Bebidas S.l Nº Recibo 0049 7343 755 Bbdjlcw Ref. Mandato 6445es4700497343712310017971, De",COGS,user,
santander,e4604822183be2ef,2026-08-06,-5740.43,"Recibo Melgarejo Distribuidores De Bebidas S.l Nº Recibo 0049 7343 755 Bbdjlcv Ref. Mandato 6445es4700497343712310017971, De",COGS,user,
santander,13f61867fa4a547c,2026-08-06,-121.97,"Recibo Multiservicios Mapfre S.a. Nº Recibo 0049 7343 755 Bbdjkxb Ref. Mandato 0261c1190509, De",Costes Fijos,user,
santander,b72100b11e6ec676,2026-08-06,-2.27,"Pago Movil En El Jamon 197, Pto Sta Mariaes, Tarj. :*565836",COGS,user,
santander,51966174b328ebe9,2026-08-10,-21.21,"Pago Movil En Market Urb. El, Aguila Caminoes, Tarj. :*565836",COGS,user,
santander,eb58ca6c55ccf578,2026-08-10,-242.0,"Pago Movil En Reparaciones 24, El Puerto De Es, Tarj. :*565836",Gastos extra actividad,user,
santander,59bee3c3001b0eea,2026-08-10,-786.5,"Pago Movil En Reparaciones 24, El Puerto De Es, Tarj. :*565836",Gastos extra actividad,user,
santander,f2d6b470d32fc6e8,2026-08-11,-70.0,Disposicion Efectivo En Oficina 7343 En Concepto De Cambio,Personal,user,
santander,70cfc19035c2364c,2026-08-11,-3500.0,Disposicion Efectivo En Oficina 7343,Personal,user,
santander,7c8298f5442700f6,2026-08-11,-1211.36,"Recibo Distribuciones Dilaso S.l. Nº Recibo 0049 7343 755 Bbdjmgs Ref. Mandato B22859946, De",COGS,user,
santander,a123dcf6199441b1,2026-08-11,-2465.71,"Recibo Miguel Merino Distribuciones S Nº Recibo 0049 7343 755 Bbdjmbv Ref. Mandato 43000672668nuevoes470049734371231, De",COGS,user,
santander,49d1fe90e5077f71,2026-08-11,-354.48,"Recibo Miguel Merino Distribuciones S Nº Recibo 0049 7343 755 Bbdjmbt Ref. Mandato 43000672668nuevoes470049734371231, De",COGS,user,
santander,27f20b85b5033e4c,2026-08-11,-657.03,"Recibo Miguel Merino Distribuciones S Nº Recibo 0049 7343 755 Bbdjmbs Ref. Mandato 43000672668nuevoes470049734371231, De",COGS,user,
santander,17c70b073d5d5ae0,2026-08-11,-9.66,"Recibo Mapfre, Concepto: Recibo:8823763101 Poliza:0742680123590 Del 07082026 Al 07012027 Nif:b22859946 Multirriesgo Segun Consta En Poliza Tef:900822822",Costes Fijos,user,
santander,ee66dfef364198bf,2026-08-12,-33.0,"Pago Movil En M2 Milca Evento, Jerez De La Fes, Tarj. :*565836",Gastos extra actividad,user,
santander,91a6405a8f1fa9a9,2026-08-12,-64.33,Transferencia A Favor De Berlys Concepto: Pan Berlys,COGS,user,
santander,d85673938540af32,2026-08-12,-146.4,Transferencia A Favor De Berlys Concepto: Berlys Pan,COGS,user,
santander,5c60c33522d1958e,2026-08-12,-1751.0,Transferencia A Favor De Mellis Hielos Concepto: Hielos,COGS,user,
santander,8a3ce51b9513f359,2026-08-13,-349.02,"Recibo Miguel Merino Distribuciones S Nº Recibo 0049 7343 755 Bbdjmrh Ref. Mandato 43000672668nuevoes470049734371231, De",COGS,user,
santander,8d31f6fe2d361a9d,2026-08-13,-1872.46,"Recibo Miguel Merino Distribuciones S Nº Recibo 0049 7343 755 Bbdjmrg Ref. Mandato 43000672668nuevoes470049734371231, De",COGS,user,
santander,628b690b4ce78e6b,2026-08-13,-179.28,"Recibo Coca Cola Europacific Partners Iberia,sl Nº Recibo 0049 7343 755 Bbdjmrc Ref. Mandato 001924196400, De",COGS,ambiguous_resolved,
santander,372a830395121513,2026-08-13,-2203.34,"Recibo Melgarejo Distribuidores De Bebidas S.l Nº Recibo 0049 7343 755 Bbdjmmw Ref. Mandato 6445es4700497343712310017971, De",COGS,user,
santander,b397a43b867ca0fd,2026-08-13,-5535.92,"Recibo Melgarejo Distribuidores De Bebidas S.l Nº Recibo 0049 7343 755 Bbdjmmv Ref. Mandato 6445es4700497343712310017971, De",COGS,user,
santander,c623f7cdfc4f99d5,2026-08-17,-410.0,Disposicion Efectivo En Oficina 7343,Personal,user,
santander,5871fb2a99b032a3,2026-08-17,-7500.0,Disposicion Efectivo En Oficina 7343,Personal,user,
santander,2449b8aa512e835d,2026-08-17,-1003.96,"Recibo Coca Cola Europacific Partners Iberia,sl Nº Recibo 0049 7343 755 Bbdjngb Ref. Mandato 001924196400, De",COGS,ambiguous_resolved,
santander,4b9e60a2b6389b06,2026-08-17,-1138.42,"Recibo Miguel Merino Distribuciones S Nº Recibo 0049 7343 755 Bbdjnfq Ref. Mandato 43000672668nuevoes470049734371231, De",COGS,user,
santander,e910667e0912745c,2026-08-17,-373.77,"Recibo Miguel Merino Distribuciones S Nº Recibo 0049 7343 755 Bbdjnfp Ref. Mandato 43000672668nuevoes470049734371231, De",COGS,user,
santander,d410b2c48c0e4343,2026-08-17,-1895.88,"Recibo Miguel Merino Distribuciones S Nº Recibo 0049 7343 755 Bbdjnfn Ref. Mandato 43000672668nuevoes470049734371231, De",COGS,user,
santander,bacec62613fdd50d,2026-08-17,-1795.35,"Recibo Ipasur Licores Y Vinos S.l, Concepto: Factura 534-603-666",COGS,user,
santander,1b688f65a12271f0,2026-08-18,-10233.29,"Recibo Melgarejo Distribuidores De Bebidas S.l Nº Recibo 0049 7343 755 Bbdjnsh Ref. Mandato 6445es4700497343712310017971, De",COGS,user,
santander,32fe1dbd8d0eaa98,2026-08-19,-2398.22,"Recibo Miguel Merino Distribuciones S Nº Recibo 0049 7343 755 Bbdjnxq Ref. Mandato 43000672668nuevoes470049734371231, De",COGS,user,
santander,3cd6ff81d0c45954,2026-08-19,-2636.48,"Recibo Miguel Merino Distribuciones S Nº Recibo 0049 7343 755 Bbdjnxp Ref. Mandato 43000672668nuevoes470049734371231, De",COGS,user,
santander,fd5103127ba5df40,2026-08-20,-9420.95,2026iva Autoliquidacion.,Impuestos,user,
santander,7f6f68543a4c8abd,2026-08-20,-354.48,"Recibo Miguel Merino Distribuciones S Nº Recibo 0049 7343 755 Bbdjpff Ref. Mandato 43000672668nuevoes470049734371231, De",COGS,user,
santander,ae663d140c5469e9,2026-08-20,-247.2,Transferencia A Favor De Francisco Ruiz Concepto: Pago Dj,DJs / Programación,user,
santander,95778692ca8c8d6f,2026-08-20,-774.4,Transferencia A Favor De Adrián León Concepto: Pago Dj,DJs / Programación,user,
santander,e2df14f370a752d7,2026-08-21,-39.88,Retroc. Según Expediente 307235262-cio 48628614. Mail Info. Remitido A,Financiero,user,
santander,83738f065fa2b1c4,2026-08-21,-1174.41,"Recibo Coca Cola Europacific Partners Iberia,sl Nº Recibo 0049 7343 755 Bbdjplk Ref. Mandato 001924196400, De",COGS,ambiguous_resolved,
santander,4a069dd5cbdcfa29,2026-08-21,-717.0,"Recibo Coca Cola Europacific Partners Iberia,sl Nº Recibo 0049 7343 755 Bbdjplj Ref. Mandato 001924196400, De",COGS,ambiguous_resolved,
santander,260d568bb96badc1,2026-08-24,-1011.61,"Recibo Coca Cola Europacific Partners Iberia,sl Nº Recibo 0049 7343 755 Bbdjpqy Ref. Mandato 001924196400, De",COGS,ambiguous_resolved,
santander,897f675111c89fff,2026-08-24,-2081.2,"Recibo Distribuciones Dilaso S.l. Nº Recibo 0049 7343 755 Bbdjpbx Ref. Mandato B22859946, De",COGS,user,
santander,2fd7f9237124cbbe,2026-08-24,-2037.2,Transferencia A Favor De Hielos Express Concepto: Enviado Por Banco Santander,COGS,user,
santander,cbf06dc99d4d1788,2026-08-24,-387.1,Transferencia A Favor De Marina Aguilar Concepto: Pago Dj,DJs / Programación,user,
santander,b897ae878a3e35dc,2026-08-24,-464.52,Transferencia A Favor De Lucas Haurie Concepto: Pago Dj,DJs / Programación,user,
santander,8a15beccb8c1654a,2026-08-25,-6823.97,"Recibo Melgarejo Distribuidores De Bebidas S.l Nº Recibo 0049 7343 755 Bbdjqcr Ref. Mandato 6445es4700497343712310017971, De",COGS,user,
santander,65523e6137102a35,2026-08-25,-3720.51,"Recibo Miguel Merino Distribuciones S Nº Recibo 0049 7343 755 Bbdjpzc Ref. Mandato 43000672668nuevoes470049734371231, De",COGS,user,
santander,22e4b040f624d95d,2026-08-25,-4224.4,"Recibo Miguel Merino Distribuciones S Nº Recibo 0049 7343 755 Bbdjpzb Ref. Mandato 43000672668nuevoes470049734371231, De",COGS,user,
santander,93778e089cd14915,2026-08-26,-190.0,Disposicion Efectivo En Oficina 7343 En Concepto De Cambio,Personal,user,
santander,4a67670951bb68ae,2026-08-26,500.0,Ingreso En Efectivo De Ybarra Navarrete Francisco De Borja  En Suc. 0049 7343,Movimiento entre cuentas,user,
santander,464d05ce670a7736,2026-08-27,-2713.29,"Recibo Miguel Merino Distribuciones S Nº Recibo 0049 7343 755 Bbdjqnd Ref. Mandato 43000672668nuevoes470049734371231, De",COGS,user,
santander,fc2cd1085a2514c5,2026-08-27,-708.73,"Recibo Coca Cola Europacific Partners Iberia,sl Nº Recibo 0049 7343 755 Bbdjqmz Ref. Mandato 001924196400, De",COGS,ambiguous_resolved,
