message_id,fecha_email,remitente,asunto,adjunto_original,archivo_local,sha256,bytes,estado,drive_id,notas
<6a68b0ac.b5a1b8ec.d2d84.3e98SMTPIN_ADDED_MISSING@mx.google.com>,2026-07-28,administracion@melgarejoehijos.com,Factura N3487 27/07/2026 DINGUI,Factura N3487 27/07/2026 DINGUI.pdf,2026-07-28_melgarejoehijos_Factura-N3487-27-07-2026-DINGUI.pdf,7b9862ba1a0f5271e7555c229b6e9240ddaca473dcadef3b00b506f58b551ad6,21793,subido_drive,1R3StpjXXDDGxWlMZvQkSoGUW341iUD63,
<VI1PR03MB4397F87442C708C78E3E5DD2B2CB2@VI1PR03MB4397.eurprd03.prod.outlook.com>,2026-07-28,"""info@distribucionesmerino.com"" <info@distribucionesmerino.com>",Adjuntamos las siguientes facturas: 23098/26A,FACT23098_26A.pdf,2026-07-28_distribucionesmerino_FACT23098_26A.pdf,3fa5fd681998bf7fc2ff4a15997cfd60f9ecb934990cfac9f18693e0d2b6112d,50753,subido_drive,1OhIjaYVYTnJaw8yXdYKHbWLcVodP4lcF,
<VI1PR03MB4397F87442C708C78E3E5DD2B2CB2@VI1PR03MB4397.eurprd03.prod.outlook.com>,2026-07-28,"""info@distribucionesmerino.com"" <info@distribucionesmerino.com>",Adjuntamos las siguientes facturas: 23098/26A,FACT23098_26A_Albaranes.pdf,2026-07-28_distribucionesmerino_FACT23098_26A_Albaranes.pdf,b7131e126728ba098c0349cf37be8c28922b7914216cc690b9b1948f1b473d0c,56783,descartado,,
<AM6PR03MB43900CE4AC7936D15F719D60B2CC2@AM6PR03MB4390.eurprd03.prod.outlook.com>,2026-07-27,"""info@distribucionesmerino.com"" <info@distribucionesmerino.com>",Adjuntamos las siguientes facturas: 23066/26A,FACT23066_26A.pdf,2026-07-27_distribucionesmerino_FACT23066_26A.pdf,bcd686691a215b09f07046584c981e9bf06dcfdb32f879175142332c3a81ec21,51509,descargado,,
<AM6PR03MB43900CE4AC7936D15F719D60B2CC2@AM6PR03MB4390.eurprd03.prod.outlook.com>,2026-07-27,"""info@distribucionesmerino.com"" <info@distribucionesmerino.com>",Adjuntamos las siguientes facturas: 23066/26A,FACT23066_26A_Albaranes.pdf,2026-07-27_distribucionesmerino_FACT23066_26A_Albaranes.pdf,eafc17c39002e08781abc934615930343961bcc4032516a2f5dcfa0fc3e825eb,73802,descartado,,
<CAC3=CYcf7RxPo-g04txZxOdZMYi0O3Jd535nweQJXjfNitcpbQ@mail.gmail.com>,2026-07-27,Chaver Dj Management <chaverdjmanagement@gmail.com>,FACTURAS DJ CHAVER DINGUI JULIO 2026,_FACTURA DJ CHAVER DINGUI 10 JULIO .pdf,2026-07-27_gmail__FACTURA-DJ-CHAVER-DINGUI-10-JULIO-.pdf,a62ef80ccf728cf68642a71bb4fd424139dc17810d6a900e0fc066e74965ac03,56082,subido_drive,19RbqsgzpV5v-6ge0biVVxJGLLuSvlFRz,
<CAC3=CYcf7RxPo-g04txZxOdZMYi0O3Jd535nweQJXjfNitcpbQ@mail.gmail.com>,2026-07-27,Chaver Dj Management <chaverdjmanagement@gmail.com>,FACTURAS DJ CHAVER DINGUI JULIO 2026,_FACTURA DJ CHAVER DINGUI 25 JULIO .pdf,2026-07-27_gmail__FACTURA-DJ-CHAVER-DINGUI-25-JULIO-.pdf,15692df6c38706018f0a785951d92a5567ac22b4bf3f1a85a9a42282faf0c92d,56316,subido_drive,1O4RgJvd60svE1qwORL822QKZBWw6YMqe,
<AM6PR03MB43906CAC3F736133FD61CF0FB2CC2@AM6PR03MB4390.eurprd03.prod.outlook.com>,2026-07-27,"""info@distribucionesmerino.com"" <info@distribucionesmerino.com>",Adjuntamos las siguientes facturas: 22841/26A,FACT22841_26A.pdf,2026-07-27_distribucionesmerino_FACT22841_26A.pdf,2f61aee7fbf574b1d9a9b4ecbf14863a24774598ba1d89d9b6d1e3fbaef6ac57,52764,descargado,,
<AM6PR03MB43906CAC3F736133FD61CF0FB2CC2@AM6PR03MB4390.eurprd03.prod.outlook.com>,2026-07-27,"""info@distribucionesmerino.com"" <info@distribucionesmerino.com>",Adjuntamos las siguientes facturas: 22841/26A,FACT22841_26A_Albaranes.pdf,2026-07-27_distribucionesmerino_FACT22841_26A_Albaranes.pdf,8f0a83771440c572bb97fa630c391ed017bfe51d58a467173795454d58e8ae27,52033,descartado,,
<CAJLN5YuHTa1ndVw6rj2KK9OwzRWVV+80XpuTbNt+=2aMYOBRsw@mail.gmail.com>,2026-07-24,CASTILLA MIGUEL ESTEBAN <castillamiguelesteban@gmail.com>,Re: URGENTE - IMPUESTO SOCIEDADES 2025,NUEVO VH PARA FIRMAR.pdf,2026-07-24_gmail_NUEVO-VH-PARA-FIRMAR.pdf,ec023d5c6b86b2e71dfe3b1d39858da04cf10912f2ac1ee9e5fdd9a6fe43f878,254183,descartado,,
<CADun5y3oBKV8CTWViG3TseguX=KN7doQgb+twKfJaqxmsxHQpQ@mail.gmail.com>,2026-07-24,DANIELO <danielosound@gmail.com>,Factura Julio 2026 Danielo,FACTURA Nº 48 2026 DANIEL FELIX ALONSO DINGUI.pdf,2026-07-24_gmail_FACTURA-No-48-2026-DANIEL-FELIX-ALONSO-DINGUI.pdf,335b5a5564b86d5dbb8f9afcb69e60b887f59b16b303c9ed6f8886ff22ed5265,53344,subido_drive,1glFMrsxYXuWjqDj6iOPzSdj9lmLsJaSR,
<AM6PR03MB4390A9370AD2F677EEEB885DB2CF2@AM6PR03MB4390.eurprd03.prod.outlook.com>,2026-07-24,"""info@distribucionesmerino.com"" <info@distribucionesmerino.com>","Adjuntamos las siguientes facturas: 1049/26N, 1050/26N, 1052/26N,
 1053/26N, 1054/26N, 1055/26N, 1056/26N",FACT1049_26N.pdf,2026-07-24_distribucionesmerino_FACT1049_26N.pdf,bc032d66ea151891d3142aeb963c4dd8adfeb27cb2e233621a573d454a549d42,55227,subido_drive,1rChFH8Z-QiinPVdNKcVz7tmqMDgmdFpa,
<AM6PR03MB4390A9370AD2F677EEEB885DB2CF2@AM6PR03MB4390.eurprd03.prod.outlook.com>,2026-07-24,"""info@distribucionesmerino.com"" <info@distribucionesmerino.com>","Adjuntamos las siguientes facturas: 1049/26N, 1050/26N, 1052/26N,
 1053/26N, 1054/26N, 1055/26N, 1056/26N",FACT1050_26N.pdf,2026-07-24_distribucionesmerino_FACT1050_26N.pdf,5451f831d0afde18d004e07faf5486f69aa901d6b90f45a186d4e115b60808a3,52879,subido_drive,1cE_zAOdH6Qu_0_lArNsTraLErfxYRoo0,
<AM6PR03MB4390A9370AD2F677EEEB885DB2CF2@AM6PR03MB4390.eurprd03.prod.outlook.com>,2026-07-24,"""info@distribucionesmerino.com"" <info@distribucionesmerino.com>","Adjuntamos las siguientes facturas: 1049/26N, 1050/26N, 1052/26N,
 1053/26N, 1054/26N, 1055/26N, 1056/26N",FACT1052_26N.pdf,2026-07-24_distribucionesmerino_FACT1052_26N.pdf,235cca718662a12eaacb4c3cad6a5477601913d0bbd8a49439e1753a919a264b,51924,subido_drive,1StjKmNJmA-1IuRMv4tk14KZb6rsenDxF,
<AM6PR03MB4390A9370AD2F677EEEB885DB2CF2@AM6PR03MB4390.eurprd03.prod.outlook.com>,2026-07-24,"""info@distribucionesmerino.com"" <info@distribucionesmerino.com>","Adjuntamos las siguientes facturas: 1049/26N, 1050/26N, 1052/26N,
 1053/26N, 1054/26N, 1055/26N, 1056/26N",FACT1053_26N.pdf,2026-07-24_distribucionesmerino_FACT1053_26N.pdf,e71758ffb9f9cf4851fdfb57219f212b8bb2a07277030cb34c75b7baa9bf9082,51959,subido_drive,1Sx2T_ypZjLlNaEu532gI5cTmtUYTnAC1,
<AM6PR03MB4390A9370AD2F677EEEB885DB2CF2@AM6PR03MB4390.eurprd03.prod.outlook.com>,2026-07-24,"""info@distribucionesmerino.com"" <info@distribucionesmerino.com>","Adjuntamos las siguientes facturas: 1049/26N, 1050/26N, 1052/26N,
 1053/26N, 1054/26N, 1055/26N, 1056/26N",FACT1054_26N.pdf,2026-07-24_distribucionesmerino_FACT1054_26N.pdf,cef0a61cd34f8ce16c921549ea16a402954b212f779be8e33a4d18d7d8aeb274,52837,subido_drive,1ekFLRRifRdmqjHW0NXmqIivotnKf8itd,
<AM6PR03MB4390A9370AD2F677EEEB885DB2CF2@AM6PR03MB4390.eurprd03.prod.outlook.com>,2026-07-24,"""info@distribucionesmerino.com"" <info@distribucionesmerino.com>","Adjuntamos las siguientes facturas: 1049/26N, 1050/26N, 1052/26N,
 1053/26N, 1054/26N, 1055/26N, 1056/26N",FACT1055_26N.pdf,2026-07-24_distribucionesmerino_FACT1055_26N.pdf,e2d26e2651ebf046611933be2345e2d5e352955e4f7ed4602944287d5606f000,52779,subido_drive,1C4ysavNuqZmZeD6wHAai5o05sCYFA8kd,
<AM6PR03MB4390A9370AD2F677EEEB885DB2CF2@AM6PR03MB4390.eurprd03.prod.outlook.com>,2026-07-24,"""info@distribucionesmerino.com"" <info@distribucionesmerino.com>","Adjuntamos las siguientes facturas: 1049/26N, 1050/26N, 1052/26N,
 1053/26N, 1054/26N, 1055/26N, 1056/26N",FACT1056_26N.pdf,2026-07-24_distribucionesmerino_FACT1056_26N.pdf,d546fde2d3aea8d2fcd6a86bcdca87aaf661b521a1cbd1a17bbb42fac0295bc5,52760,subido_drive,1-1xep3j7CNBaLoKDt0AhKOk47fT5CyT2,
<DB7PR03MB465127BA19AE8EC2486561F8C1CF2@DB7PR03MB4651.eurprd03.prod.outlook.com>,2026-07-24,Carmen Gallardo <cgallardo@distribucionesmerino.com>,MERINO ABONOS DIF PRECIOS,image001.png,2026-07-24_distribucionesmerino_image001.png,27fd5a3e45004ce26cb7ae6826ab92f3fb17c28af96bfa03fbe81e5f0cdb760a,34959,descartado,,
<DB7PR03MB465127BA19AE8EC2486561F8C1CF2@DB7PR03MB4651.eurprd03.prod.outlook.com>,2026-07-24,Carmen Gallardo <cgallardo@distribucionesmerino.com>,MERINO ABONOS DIF PRECIOS,DINGUI ABONOS DIF PRECIOS.pdf,2026-07-24_distribucionesmerino_DINGUI-ABONOS-DIF-PRECIOS.pdf,68930d5930989fcf1d1f0f95de9794b50328852c1a3c12847e33f5e39a9cccfc,2842227,descargado,,
<AM9P195MB1123EFDDAF22AA95EDD00AC4CFC02@AM9P195MB1123.EURP195.PROD.OUTLOOK.COM>,2026-07-24,Barter Consultancy <info@barteragencia.com>,FACTURA DINGUI JUL,LOGO NEGRO 2024 PNG.png,2026-07-24_barteragencia_LOGO-NEGRO-2024-PNG.png,ab2ddf5c46b443e8308ba2fbaf0d17e7df3d6202e206e9810c5082f52b4d73d0,87076,descartado,,
<AM9P195MB1123EFDDAF22AA95EDD00AC4CFC02@AM9P195MB1123.EURP195.PROD.OUTLOOK.COM>,2026-07-24,Barter Consultancy <info@barteragencia.com>,FACTURA DINGUI JUL,1772026 DINGUI JUL.pdf,2026-07-24_barteragencia_1772026-DINGUI-JUL.pdf,9fdaaa223e03877ef0da2d4d83b7535f4bd1373532dec7fb6feff40b4a8d6147,203985,subido_drive,12gY4YPw-PPiS7fyBLKGkQCrUa2oySo5g,
<AM6PR03MB43904336FD747ABCFEFC2E85B2C22@AM6PR03MB4390.eurprd03.prod.outlook.com>,2026-07-21,"""info@distribucionesmerino.com"" <info@distribucionesmerino.com>","Adjuntamos las siguientes facturas: 1036/26N, 22366/26A",FACT1036_26N.pdf,2026-07-21_distribucionesmerino_FACT1036_26N.pdf,520978b92f0544c61fa1deac227030762cb9a038e6ca610cbd76c12405510f74,51076,descargado,,
<AM6PR03MB43904336FD747ABCFEFC2E85B2C22@AM6PR03MB4390.eurprd03.prod.outlook.com>,2026-07-21,"""info@distribucionesmerino.com"" <info@distribucionesmerino.com>","Adjuntamos las siguientes facturas: 1036/26N, 22366/26A",FACT1036_26N_Albaranes.pdf,2026-07-21_distribucionesmerino_FACT1036_26N_Albaranes.pdf,692d608f770b276ab29f24bb41bb1c302b398073b59e248973df237611d5fec4,25203,descartado,,
<AM6PR03MB43904336FD747ABCFEFC2E85B2C22@AM6PR03MB4390.eurprd03.prod.outlook.com>,2026-07-21,"""info@distribucionesmerino.com"" <info@distribucionesmerino.com>","Adjuntamos las siguientes facturas: 1036/26N, 22366/26A",FACT22366_26A.pdf,2026-07-21_distribucionesmerino_FACT22366_26A.pdf,0ea8d468745eb5cedf9c77cffecdb9dfba8160962b6e209e8c93e3d1e42d6465,51625,descargado,,
<AM6PR03MB43904336FD747ABCFEFC2E85B2C22@AM6PR03MB4390.eurprd03.prod.outlook.com>,2026-07-21,"""info@distribucionesmerino.com"" <info@distribucionesmerino.com>","Adjuntamos las siguientes facturas: 1036/26N, 22366/26A",FACT22366_26A_Albaranes.pdf,2026-07-21_distribucionesmerino_FACT22366_26A_Albaranes.pdf,e411aecadcec7144f21d222d7499855570eae1513d34bacb62112f42fb12bdb9,93720,descartado,,
<AM6PR03MB43901626DA3A81D66690075EB2C22@AM6PR03MB4390.eurprd03.prod.outlook.com>,2026-07-21,"""info@distribucionesmerino.com"" <info@distribucionesmerino.com>",Adjuntamos las siguientes facturas: 1024/26N,FACT1024_26N.pdf,2026-07-21_distribucionesmerino_FACT1024_26N.pdf,813ce17ca568e910ffb3ced8fb09d65c98e3874696565dfd9f88b99e57222f4a,50874,descargado,,
<VI1PR03MB4397889F679EF8E0B641C49AB2C32@VI1PR03MB4397.eurprd03.prod.outlook.com>,2026-07-20,"""info@distribucionesmerino.com"" <info@distribucionesmerino.com>","Adjuntamos las siguientes facturas: 22215/26A, 22218/26A",FACT22215_26A.pdf,2026-07-20_distribucionesmerino_FACT22215_26A.pdf,7c6273446eeb073de22383ee2dbd89da31a84fd37adcebebd9eb15f3c9c4748b,52212,descargado,,
<VI1PR03MB4397889F679EF8E0B641C49AB2C32@VI1PR03MB4397.eurprd03.prod.outlook.com>,2026-07-20,"""info@distribucionesmerino.com"" <info@distribucionesmerino.com>","Adjuntamos las siguientes facturas: 22215/26A, 22218/26A",FACT22215_26A_Albaranes.pdf,2026-07-20_distribucionesmerino_FACT22215_26A_Albaranes.pdf,dc9e7819e30cef1f970f1418bff35a7438bf69ecb6afd5269bf8b43e627c423e,93874,descartado,,
<VI1PR03MB4397889F679EF8E0B641C49AB2C32@VI1PR03MB4397.eurprd03.prod.outlook.com>,2026-07-20,"""info@distribucionesmerino.com"" <info@distribucionesmerino.com>","Adjuntamos las siguientes facturas: 22215/26A, 22218/26A",FACT22218_26A.pdf,2026-07-20_distribucionesmerino_FACT22218_26A.pdf,322bd207e41faa3a6f7729ac3594e5e9c0b047e167ff0de7491634f4b32ea450,51367,descargado,,
<VI1PR03MB4397889F679EF8E0B641C49AB2C32@VI1PR03MB4397.eurprd03.prod.outlook.com>,2026-07-20,"""info@distribucionesmerino.com"" <info@distribucionesmerino.com>","Adjuntamos las siguientes facturas: 22215/26A, 22218/26A",FACT22218_26A_Albaranes.pdf,2026-07-20_distribucionesmerino_FACT22218_26A_Albaranes.pdf,653256bbe351d875a08f11d2741970fc520c1ae825c3d3aa6cf9b651a0f61291,73486,descartado,,
<6a5dee3c.3f7a366d.1c688d.48b1SMTPIN_ADDED_MISSING@mx.google.com>,2026-07-20,administracion@melgarejoehijos.com,Factura N3442 20/07/2026 DINGUI,Factura N3442 20/07/2026 DINGUI.pdf,2026-07-20_melgarejoehijos_Factura-N3442-20-07-2026-DINGUI.pdf,1ea81eb0e7c9816a0a0b19d84c7d51e7f864a5efb3bdd9036871f8542d79485a,16717,subido_drive,12XFZmMJky-QFGwYUTBLxSwSe5BcwuBGk,
<6a5a50ee.eb7c5dec.1892de.95b3SMTPIN_ADDED_MISSING@mx.google.com>,2026-07-17,"""Ipasur licores & vinos"" <administracion@ipasur.com>",factura : Envío de facturas de venta,FA603.pdf,2026-07-17_ipasur_FA603.pdf,e0ab2891105a852737c23e29e482da55addd5b36014b850b0c4a9dbcf0e4bcca,31749,subido_drive,1a6S-WafIYTMvkrajsIQBzhOangdcNTOA,
<AM6PR03MB43906D53F4AAA16A8AF6690FB2C72@AM6PR03MB4390.eurprd03.prod.outlook.com>,2026-07-16,"""info@distribucionesmerino.com"" <info@distribucionesmerino.com>",Adjuntamos las siguientes facturas: 21729/26A,FACT21729_26A.pdf,2026-07-16_distribucionesmerino_FACT21729_26A.pdf,df35bcf14bc2ff533b3c77050ef723d227fb353aeb165ab3df867283c353a54c,51315,subido_drive,11bvj0fVE1SAXWHmLnwexpf0qsKiujQGs,
<AM6PR03MB43906D53F4AAA16A8AF6690FB2C72@AM6PR03MB4390.eurprd03.prod.outlook.com>,2026-07-16,"""info@distribucionesmerino.com"" <info@distribucionesmerino.com>",Adjuntamos las siguientes facturas: 21729/26A,FACT21729_26A_Albaranes.pdf,2026-07-16_distribucionesmerino_FACT21729_26A_Albaranes.pdf,45bbb3d0a367e1d6890be952a81db9482fd6fd104214b7803783066163f05543,101657,descartado,,
<6a5603cb.f51e8d57.313511.087bSMTPIN_ADDED_MISSING@mx.google.com>,2026-07-14,administracion@melgarejoehijos.com,Factura N3371 13/07/2026 DINGUI,Factura N3371 13/07/2026 DINGUI.pdf,2026-07-14_melgarejoehijos_Factura-N3371-13-07-2026-DINGUI.pdf,9062098362edf5e9e640e322de7edb78131319d66ed27dc5c878c7f1eb9b28ce,13067,descargado,,
<6a5602a8.c2c9b048.2f1814.0ee6SMTPIN_ADDED_MISSING@mx.google.com>,2026-07-14,administracion@melgarejoehijos.com,Factura N3328 07/07/2026 DINGUI,Factura N3328 07/07/2026 DINGUI.pdf,2026-07-14_melgarejoehijos_Factura-N3328-07-07-2026-DINGUI.pdf,ad598f73f98a32ec3d15c4242a5230a8677e20d17502d31d97e36ebd587023e0,9388,descargado,,
<AM6PR03MB43900087F3505C71B0ABC84EB2F92@AM6PR03MB4390.eurprd03.prod.outlook.com>,2026-07-14,"""info@distribucionesmerino.com"" <info@distribucionesmerino.com>",Adjuntamos las siguientes facturas: 21369/26A,FACT21369_26A.pdf,2026-07-14_distribucionesmerino_FACT21369_26A.pdf,6925cadb78a2977d7d4832d0fab0e9b22ff607299f4741ec2790f1b66d268d7d,50883,descargado,,
<AM6PR03MB43900087F3505C71B0ABC84EB2F92@AM6PR03MB4390.eurprd03.prod.outlook.com>,2026-07-14,"""info@distribucionesmerino.com"" <info@distribucionesmerino.com>",Adjuntamos las siguientes facturas: 21369/26A,FACT21369_26A_Albaranes.pdf,2026-07-14_distribucionesmerino_FACT21369_26A_Albaranes.pdf,dee0c9c7568232adde66226d0e7c7693dac5300ce497cfd533498e8fd5f0efe0,63418,descartado,,
<6a54b51c.734385ea.1624e5.6c81SMTPIN_ADDED_MISSING@mx.google.com>,2026-07-13,administracion@melgarejoehijos.com,Factura N3371 13/07/2026 DINGUI,Factura N3371 13/07/2026 DINGUI.pdf,2026-07-13_melgarejoehijos_Factura-N3371-13-07-2026-DINGUI.pdf,4a9bcf3c43b01d48cfee860fc1caaf64d4de29d263eed64c99009dd8fd6d00ae,13067,descargado,,
<AHVO5RNYQTU4.KVK90MK0QRMB3@localhost>,2026-07-10,MGS Mobile Reparto <administracion@guadalete.com.es>,GUADALETE DISTRIBUCION Y LOGISTICA S.L.U. Entrega realizada en DINGUI,1783683142374.pdf,2026-07-10_guadalete_1783683142374.pdf,91a48670be2447a55bc05fe5f7ecb5f508b006e2e006038dc7a01d9f31b538c9,92298,subido_drive,1oYnmaXNyFdBjxZUH5gTVp8PjM0cz1ZWL,
<AM6PR03MB43903E7048F1A8C8853285A7B2FD2@AM6PR03MB4390.eurprd03.prod.outlook.com>,2026-07-10,"""info@distribucionesmerino.com"" <info@distribucionesmerino.com>","Adjuntamos las siguientes facturas: 21191/26A, 21203/26A",FACT21191_26A.pdf,2026-07-10_distribucionesmerino_FACT21191_26A.pdf,7b9534810f1d84b68a99f125c4af7e44fbe7e6ff0022b60ef68bd2550c270540,51355,descargado,,
<AM6PR03MB43903E7048F1A8C8853285A7B2FD2@AM6PR03MB4390.eurprd03.prod.outlook.com>,2026-07-10,"""info@distribucionesmerino.com"" <info@distribucionesmerino.com>","Adjuntamos las siguientes facturas: 21191/26A, 21203/26A",FACT21191_26A_Albaranes.pdf,2026-07-10_distribucionesmerino_FACT21191_26A_Albaranes.pdf,47e9131cbba11ba8e80b26572cd0625be73f04c0a619d5276bc36efa2d35d1e7,79797,descartado,,
<AM6PR03MB43903E7048F1A8C8853285A7B2FD2@AM6PR03MB4390.eurprd03.prod.outlook.com>,2026-07-10,"""info@distribucionesmerino.com"" <info@distribucionesmerino.com>","Adjuntamos las siguientes facturas: 21191/26A, 21203/26A",FACT21203_26A.pdf,2026-07-10_distribucionesmerino_FACT21203_26A.pdf,992ea48a86c19771dc613e059477f867b900e944a4bc2dffa96bb4d9d9ee6334,51506,descargado,,
<AM6PR03MB43903E7048F1A8C8853285A7B2FD2@AM6PR03MB4390.eurprd03.prod.outlook.com>,2026-07-10,"""info@distribucionesmerino.com"" <info@distribucionesmerino.com>","Adjuntamos las siguientes facturas: 21191/26A, 21203/26A",FACT21203_26A_Albaranes.pdf,2026-07-10_distribucionesmerino_FACT21203_26A_Albaranes.pdf,79d41d324d14030892f5bfa56f88bd2f91b40d976dde6284530488ceb6b838aa,81768,descartado,,
<VI1PR08MB535871EB968FF14D6742E905BDFF2@VI1PR08MB5358.eurprd08.prod.outlook.com>,2026-07-08,JAVIER QUINTERO JAMONES LA ENCINA <jamoneslaencina@hotmail.com>,FACTURA DE HOY,NUEVO 2.pdf,2026-07-08_hotmail_NUEVO-2.pdf,30906a4ad7dd06b7bbe2af001abaa0b9da8bd7d76a6c46122eb8b22ac1eb13ff,33052,duplicado_registro,,
<VI1PR08MB53587C1881C78712F5BB4BDFBDFF2@VI1PR08MB5358.eurprd08.prod.outlook.com>,2026-07-08,JAVIER QUINTERO JAMONES LA ENCINA <jamoneslaencina@hotmail.com>,FACTURA,NUEVO CORREGIDA.pdf,2026-07-08_hotmail_NUEVO-CORREGIDA.pdf,8ac907c49a7df163035053530788176d16cea078bc86d215acbafc397ef9325f,33050,duplicado_registro,,
<CAD=R=aLqFLaT2J4PZDqk6rd6svCXhp9vY5wO4cw7fSZ1GRNnXA@mail.gmail.com>,2026-07-08,CoverManager | Facturación <facturacion@covermanager.com>,Re: CoverManager - junio - 2026070232 (NUEVO VH S.L),image.png,2026-07-08_covermanager_image.png,486fb34f10fa9b35cd7405d72c39230d6220e3435a16d301acedc438927b2695,20303,descartado,,
<!&!AAAAAAAAAAAYAAAAAAAAAJtmdkjaOZpIuwpbIkFQZn3CgAAAEAAAAH8ggILgz4FDpTfvBrW0XXEBAAAAAA==@pickingcadiz.com>,2026-07-08,<contabilidad@pickingcadiz.com>,Factura Nuevo VH S.L. - Factura Nº 2026002591,Factura Cliente Nº 2026002591 [0001-001].pdf,2026-07-08_pickingcadiz_Factura-Cliente-No-2026002591-0001-001-.pdf,5ef63a226b269cee6a0b8ce74bc9dedade059c8f5fd1fab94ba2b60fabeed54e,37186,subido_drive,1ysNocfBaqDz1uvvj-Kstq2UQSXxkums0,
<CAMRAGzs3K=fzBZVXFwbon+Y3GP4t3UB4vgG3T4TyeynfhNiH3g@mail.gmail.com>,2026-07-07,Amanda Mora Martín <amandamoramar5@gmail.com>,Currículum,Currículum Vitae CV Diseñadora Femenino Minimalista Beige y Blanco.pdf,2026-07-07_gmail_Curriculum-Vitae-CV-Disenadora-Femenino-Minimalista-Beige-y-,7ba5c50081ff5d6c5da79373ec2209b690f021a8e0385d8abec304871598e074,923242,descartado,,
<CAMRAGzs3K=fzBZVXFwbon+Y3GP4t3UB4vgG3T4TyeynfhNiH3g@mail.gmail.com>,2026-07-07,Amanda Mora Martín <amandamoramar5@gmail.com>,Currículum,Currículum Noa.pdf,2026-07-07_gmail_Curriculum-Noa.pdf,329dfe1de9ac6815e9f484c7d214b70cfecfb7260cfe24c59b5b38dd69efd2b4,1090166,descartado,,
<6a4cc6c9.1ebe6634.3ba93f.f8b5SMTPIN_ADDED_MISSING@mx.google.com>,2026-07-07,administracion@melgarejoehijos.com,Factura N3328 07/07/2026 DINGUI,Factura N3328 07/07/2026 DINGUI.pdf,2026-07-07_melgarejoehijos_Factura-N3328-07-07-2026-DINGUI.pdf,af6b7a8fa7241f0c595602be576d27b3b2edc58b5f4a4150138afb8a35d15b93,9383,descargado,,
<9k547000000000000000000000000000000000000000000000THSQ6E007NGd-RLyTm2-wUxFXA2KOw@sfdc.net>,2026-07-07,"""hospitality@covermanager.com"" <hospitality@covermanager.com>",Seguimiento Dingui - Día 15 en Cover,Imagen_2026-07-07_10-27-31.png,2026-07-07_covermanager_Imagen_2026-07-07_10-27-31.png,7ef324a117e4fb2ad77181f749670eaafbd7fea7d7cfcd1b26b7437d3992554c,144157,descartado,,
<1481873771.93422.1783334862135@gcom-jt-nuc-jee-notifyoutgoing-3-d9g5r3n577>,2026-07-06,O2 <info@email.o2online.es>,Factura O2,Factura_OM7VAGJ001XXXX.pdf,2026-07-06_email_Factura_OM7VAGJ001XXXX.pdf,05bc82947474e2e7ba11c63394278d05d998f9a398ed14e93fadea8c573c6743,62286,descargado,,
<AM6PR03MB43902D5E148895404C669BC3B2F12@AM6PR03MB4390.eurprd03.prod.outlook.com>,2026-07-06,"""info@distribucionesmerino.com"" <info@distribucionesmerino.com>","Adjuntamos las siguientes facturas: 20221/26A, 950/26N",FACT20221_26A.pdf,2026-07-06_distribucionesmerino_FACT20221_26A.pdf,69e6b78db758a4aaac4d7876dc676299b0d0b84334c447cd9805086fb640717d,50687,descargado,,
<AM6PR03MB43902D5E148895404C669BC3B2F12@AM6PR03MB4390.eurprd03.prod.outlook.com>,2026-07-06,"""info@distribucionesmerino.com"" <info@distribucionesmerino.com>","Adjuntamos las siguientes facturas: 20221/26A, 950/26N",FACT20221_26A_Albaranes.pdf,2026-07-06_distribucionesmerino_FACT20221_26A_Albaranes.pdf,cb835ade698d6616620a432e1a4c375b170fbe489cc3e3d5d8ceafcb764dc4f7,50147,descartado,,
<AM6PR03MB43902D5E148895404C669BC3B2F12@AM6PR03MB4390.eurprd03.prod.outlook.com>,2026-07-06,"""info@distribucionesmerino.com"" <info@distribucionesmerino.com>","Adjuntamos las siguientes facturas: 20221/26A, 950/26N",FACT950_26N.pdf,2026-07-06_distribucionesmerino_FACT950_26N.pdf,c9184469ea5a5b53b4658c3eada2f90b9bf00b2801ba804d2f81bf3f2a37f3c2,50729,descargado,,
<AM6PR03MB43902D5E148895404C669BC3B2F12@AM6PR03MB4390.eurprd03.prod.outlook.com>,2026-07-06,"""info@distribucionesmerino.com"" <info@distribucionesmerino.com>","Adjuntamos las siguientes facturas: 20221/26A, 950/26N",FACT950_26N_Albaranes.pdf,2026-07-06_distribucionesmerino_FACT950_26N_Albaranes.pdf,f1bf545dc7202dda290a73c78a6e42c808b9cab3561c0cc662d70dd9482bc533,23783,descartado,,
<g6olc4t2kixs275v5d03fwl55yyw4zycjhhiyveagxhditn2cmceuf25y6rgzlzt@netsuite.com>,2026-07-03,CoverManager <facturacion@covermanager.com>,CoverManager - junio - 2026070232 (NUEVO VH S.L),Factura de venta_2026070232_1783097817641.pdf,2026-07-03_covermanager_Factura-de-venta_2026070232_1783097817641.pdf,4609c6f74edd0c3db2274fa3acb6ad1c21a18bb99ada258c2e9b5b9e8875b575,59455,subido_drive,1It5P527nZj96D7TRNbVHJp46ZCB3J0kV,
<6a454ec4.63f164f9.183dd1.ea1bSMTPIN_ADDED_MISSING@mx.google.com>,2026-07-01,"""Ipasur licores & vinos"" <administracion@ipasur.com>",factura : Envío de facturas de venta,FA534.pdf,2026-07-01_ipasur_FA534.pdf,14f3920d4a225f86e19a52cd15f12b62dc25f7ce965ba344cdb19917aa740976,31819,descargado,,
<6a4517f2.bc09bac8.1998a6.1b53SMTPIN_ADDED_MISSING@mx.google.com>,2026-07-01,"""Hostelclinic"" <administracion@hostelclinic.es>",Factura : FA1983,FA1983.pdf,2026-07-01_hostelclinic_FA1983.pdf,be4fc0538577cc31c61fb7a3323beb93a16d14fb3512ea619b3a8c52858cd98d,67138,descargado,,
<18d598053c0bc5ed0bad95d43d546f175ff893c9-10004962-100081937@google.com>,2026-07-01,Google Payments <payments-noreply@google.com>,Google Workspace: tu factura de dinguiclub.com está disponible,5609868288.pdf,2026-07-01_google_5609868288.pdf,8869f4af2b7be230474188f29e21ac6268e15b92a4cccb8b223d44e01aca6573,63152,subido_drive,1nh73_oXvfB0m3k0_2S_LQt6kJ5Auno7L,
<I6SO8V08OTU4.28BKKLDBE6RP1@localhost>,2026-07-01,MGS Mobile Reparto <administracion@guadalete.com.es>,GUADALETE DISTRIBUCION Y LOGISTICA S.L.U. Entrega realizada en DINGUI,1782910256383.pdf,2026-07-01_guadalete_1782910256383.pdf,bae57843f545dc823ce05721ed8e975d8e98a665e17c27fec8361bfc6b47fcb2,137408,descargado,,
<6a44e5ee.dd310e16.279ee7.2c44SMTPIN_ADDED_MISSING@mx.google.com>,2026-07-01,administracion@melgarejoehijos.com,Factura N2971 30/06/2026 DINGUI,Factura N2971 30/06/2026 DINGUI.pdf,2026-07-01_melgarejoehijos_Factura-N2971-30-06-2026-DINGUI.pdf,815328ab78e6a5698160486ab0b9b4060e71998a78109a667534a627e243c52d,15764,subido_drive,14HnO1zDW2wyRdOCj5DA2g6CKE3FLW0Ou,
<BBC118BF-E8BE-4297-AA5D-65717BB4B993@unic-hosteleria.com>,2026-06-30,Jose Luis Aguilar - UNIC <jlaguilar@unic-hosteleria.com>,Facturas,Facturas.pdf,2026-06-30_unic-hosteleria_Facturas.pdf,31faa78968a4778f43706cc4187de0ae7da7593cd2ec7b975f02374a07f71944,198712,duplicado_registro,,
<GVYP280MB123846692AA0848F57718FE7A7EB2@GVYP280MB1238.SWEP280.PROD.OUTLOOK.COM>,2026-06-26,FRANCISCO DIEGO ARAGON <fdiegoraima@gmail.com>,"PRESUPUESTO LIMPIEZA DISCOTECA PUERTO SANTA MARIA VISTAHERMOSA A LA
 ATT DE BORJA ",image.png,2026-06-26_gmail_image.png,20235cfee30a728ff39a8c54a689087b3777988d3937268153971060397846b0,26714,descartado,,
<GVYP280MB123846692AA0848F57718FE7A7EB2@GVYP280MB1238.SWEP280.PROD.OUTLOOK.COM>,2026-06-26,FRANCISCO DIEGO ARAGON <fdiegoraima@gmail.com>,"PRESUPUESTO LIMPIEZA DISCOTECA PUERTO SANTA MARIA VISTAHERMOSA A LA
 ATT DE BORJA ",PRESUPUESTO LIMPIEZA LOCAL DISCOTECA BORJA VISTAHERMOSA.pdf,2026-06-26_gmail_PRESUPUESTO-LIMPIEZA-LOCAL-DISCOTECA-BORJA-VISTAHERMOSA.pdf,cb14716906d5a8e2a3e29810fcf92414911aaaf881cfb682ced390edae116178,323875,descartado,,
<E6B4433B-46F5-4372-B258-B844193AA313@icloud.com>,2026-06-25,Laura Hernandez Gomez de Ramón <mariagallegoflores30@icloud.com>,Currículum María Gallego ,image0.jpeg,2026-06-25_icloud_image0.jpeg,fbcfec8ef29a23ff82d617b072f7e9e9df2c4cc27ee663fc2d673274e9aec195,278549,descartado,,
<BAAFD408-29E3-40D3-ADBF-5AAD2FBD2016@icloud.com>,2026-06-25,Manuela Carvajal <manuelacar@icloud.com>,Currículum Manuela Carvajal ,Manuela Carvajal Izquierdo-5.pdf,2026-06-25_icloud_Manuela-Carvajal-Izquierdo-5.pdf,6d50c385ece25b487e882e7b2c4c026d1ef2ebe89ade305f0a9c651b3ce3db45,172745,descargado,,
<AM9P195MB112366E3223B223E060F3302CFEC2@AM9P195MB1123.EURP195.PROD.OUTLOOK.COM>,2026-06-25,Barter Consultancy <info@barteragencia.com>,FACTURA DINGUI JUN,1542026 DINGUI JUN.pdf,2026-06-25_barteragencia_1542026-DINGUI-JUN.pdf,dca8320122cb180390d61e16dbe925c137216ba50ce1e0e7fa8eef0cc89f52b7,204102,descargado,,
<CAERF7yxmDchEAdnZxc9a7EVrpX+i8WQd3SnpsnDiQQh3ne+M_A@mail.gmail.com>,2026-06-23,Pablo Grandes <pablograndesc@gmail.com>,Melgarejo Distribuidores de bebidas,IMG_1940.jpeg,2026-06-23_gmail_IMG_1940.jpeg,5074d527eed5c8fa6b52a7ec622131f83c6e53de64245aaf3e031dd0b7d94b83,3718312,descartado,,
<CAERF7yxmDchEAdnZxc9a7EVrpX+i8WQd3SnpsnDiQQh3ne+M_A@mail.gmail.com>,2026-06-23,Pablo Grandes <pablograndesc@gmail.com>,Melgarejo Distribuidores de bebidas,IMG_1939.jpeg,2026-06-23_gmail_IMG_1939.jpeg,acf6192297f420b62cf1e135935c519e761033da326191cb4b8e4d048fd14c94,4030345,descartado,,
<AM6PR03MB43903FABFEAEA0CA9B6FFA1AB2EE2@AM6PR03MB4390.eurprd03.prod.outlook.com>,2026-06-23,"""info@distribucionesmerino.com"" <info@distribucionesmerino.com>",Adjuntamos las siguientes facturas: 18826/26A,FACT18826_26A.pdf,2026-06-23_distribucionesmerino_FACT18826_26A.pdf,7d16ac9325a410c1a158cdee0144d46dfca5f01ef691ce314ec75edd56d814bd,55705,descargado,,
<AM6PR03MB43903FABFEAEA0CA9B6FFA1AB2EE2@AM6PR03MB4390.eurprd03.prod.outlook.com>,2026-06-23,"""info@distribucionesmerino.com"" <info@distribucionesmerino.com>",Adjuntamos las siguientes facturas: 18826/26A,FACT18826_26A_Albaranes.pdf,2026-06-23_distribucionesmerino_FACT18826_26A_Albaranes.pdf,961afbd55aaac809fd5488b29cb2bce06656a07ba886bfb3a0d82096c427815a,131550,descartado,,
<Q0MHH7TGKTU4.57KY2MRDKS2I2@sign2>,2026-06-19,Documentacion Refrival <no-replyinfod@refrival.com>,REFRIVAL SA: Documentacion firmada HK_CESION_050002185549_0000404507,HK_CESION_050002185549_0000404507.pdf,2026-06-19_refrival_HK_CESION_050002185549_0000404507.pdf,e9569bec2bc492a88ea33c853f23a8586b9be443b7536292834fd6e648c2e00d,4237148,descartado,,
<d0cc7d84-d676-43a2-9a82-349a2e725b8b@cdg3s51mta0535.xt.local>,2026-06-18,"""vidaXL"" <mipedido@email.vidaxl.com>",Tu factura del pedido de vidaXL #0034001698515,vidaXL factura 0034001698515.pdf,2026-06-18_email_vidaXL-factura-0034001698515.pdf,2e7f3ae747847458d591719e829d5647e992ebc623e30d3033ecb543cdb2bf60,18552,descargado,,
<UZ1BESF8KTU4.YWA43SJC0EZF2@localhost>,2026-06-18,MGS Mobile Reparto <administracion@guadalete.com.es>,GUADALETE DISTRIBUCION Y LOGISTICA S.L.U. Entrega realizada en DINGUI,1781784945883.pdf,2026-06-18_guadalete_1781784945883.pdf,f1f55e361f7a4dd2d2146b4cafab469ba1313a4cad567d2ce5b63251c408d618,93660,subido_drive,1f0UiZ-U_IX52fZ6gv_-xDEXse299KJ0D,
<CAFuusn6d-KkAXNwh-0H4t1KEmemAOY5csfZ9VQCcXk4XkD0BkQ@mail.gmail.com>,2026-06-17,Borja Ybarra <info@dinguiclub.com>,Carta Dingui,PLANO MESAS 2.png,2026-06-17_dinguiclub_PLANO-MESAS-2.png,b0f47e6d8e11bf0e723080466e837aff64b8878d706f1397fd7c655905fe356f,111397,descartado,,
<a8696424-7411-4a57-a43b-e18b4803508e@cdg3s51mta0539.xt.local>,2026-06-17,"""vidaXL"" <mipedido@email.vidaxl.com>",Tu factura del pedido de vidaXL #0034001698515,vidaXL factura 0034001698515.pdf,2026-06-17_email_vidaXL-factura-0034001698515.pdf,bd7d95d2e1bbcb9eaf8f90d556fe4e5f365162d689eda391f6013f958f851e24,18861,descargado,,
<5b8cb4c6-ae1a-413c-b6ae-fd2afd7a51b4@cdg3s51mta0537.xt.local>,2026-06-15,"""vidaXL"" <mipedido@email.vidaxl.com>",Gracias por tu pedido #0034001698515 en vidaXL,Modelo de formulario de desistimiento.pdf,2026-06-15_email_Modelo-de-formulario-de-desistimiento.pdf,e4cca1274b53edaa070409e539e94dc42008282b6edf9adc497b732193acf50f,126013,descartado,,
<0113019ebae18800-ab8a9333-2768-4091-9204-3d3ca8c15402-000000@eu-west-3.amazonses.com>,2026-06-12,info@O2online.es,Notificación de O2,Contrato O2.pdf,2026-06-12_O2online_Contrato-O2.pdf,87a2b5ea53807ef6329afcf3df99c96216b04e7fee6d2ce8394f3ee17d7b7f09,58436,descartado,,
<0113019ebae16ff3-d93b1d6e-a528-4430-b63a-6cd85fc342b0-000000@eu-west-3.amazonses.com>,2026-06-12,info@O2online.es,Solicitud de alta en O2,Contrato O2.pdf,2026-06-12_O2online_Contrato-O2.pdf,dddbdc93c0dacb5192e2f990b98a5fbd4d68fb90d6eead56e0f51af301d4cff3,58437,descartado,,
<0113019ebae16ff3-d93b1d6e-a528-4430-b63a-6cd85fc342b0-000000@eu-west-3.amazonses.com>,2026-06-12,info@O2online.es,Solicitud de alta en O2,O2 - Condiciones Generales Del Servicio O2 Móvil.pdf,2026-06-12_O2online_O2---Condiciones-Generales-Del-Servicio-O2-Movil.pdf,0848a14eb1eb54a21f797dd6378d8437f3883737ad09945de9181c249f3c4c71,59207,descartado,,
<0113019ebae16ff3-d93b1d6e-a528-4430-b63a-6cd85fc342b0-000000@eu-west-3.amazonses.com>,2026-06-12,info@O2online.es,Solicitud de alta en O2,O2 - Condiciones Particulares Para Clientes Empresa Y Autónomos.pdf,2026-06-12_O2online_O2---Condiciones-Particulares-Para-Clientes-Empresa-Y-Autono,d960ac55f304f5fe77697bc9886812bd82a63291c88aea0dccf66157d5e83c35,36595,descartado,,
<0113019ebae0d746-99df00f8-e13d-484c-b9ca-9167d2a18ea8-000000@eu-west-3.amazonses.com>,2026-06-12,info@O2online.es,Resumen de los productos de O2,resumenes de contrato/Resumen Contrato Móvil 100GB.pdf,2026-06-12_O2online_resumenes-de-contrato-Resumen-Contrato-Movil-100GB.pdf,fe24dd1b6d012f71231539419a5f8169b80ba2593e18052535e2d2ae209740fa,63300,descartado,,
<F52Zcno_-c8nCA7yn_aQaw@clickandsign.eu>,2026-06-09,Getnet Europe (a Santander company) <sign@clickandsign.eu>,Contrato firmado TPV,ANEXO TIPSI NUEVO VH SL_signed.pdf,2026-06-09_clickandsign_ANEXO-TIPSI-NUEVO-VH-SL_signed.pdf,347aa3ed48b108b898db8b62b9021753691ce628bc80113c20bb171451de3bdc,696064,descargado,,
<20260609142544.63ea4c3e33f8dec1@eu.holded.com>,2026-06-09,"""FUTURE IS AN ATTITUDE S.L."" <no-reply@eu.holded.com>",Factura A2606986 de FUTURE IS AN ATTITUDE S.L.,A2606986.pdf,2026-06-09_eu_A2606986.pdf,306eeacb5093848f787ffa3374dde15c805f81c8a6099812540ba16187d237ed,45272,descargado,,
<!&!AAAAAAAAAAAYAAAAAAAAAJtmdkjaOZpIuwpbIkFQZn3CgAAAEAAAAOhpDrVmltdGoryoWR7DXFwBAAAAAA==@pickingcadiz.com>,2026-06-09,<contabilidad@pickingcadiz.com>,Factura Nuevo VH S.L. - Factura Nº 2026001974,Factura Cliente Nº 2026001974 [0001-001].pdf,2026-06-09_pickingcadiz_Factura-Cliente-No-2026001974-0001-001-.pdf,c04089a488191c39c1165747f89653d7fd3d483eb5e0f426e402caaf70cefc08,36949,descargado,,
<94454166.559817.1780954621185@megaout.megamail.lacaixa.es>,2026-06-08,info@caixabank.es,Comprobante transferencia,comprobante.pdf,2026-06-08_caixabank_comprobante.pdf,06b4d1dbc12b918c1c24232718bdf9034d26b14ec84b8dbb75456dfd762f9311,24569,comprobante_banco,,
<CAJzrjr1RG6h0SYSmHS+P7=aQ+jjnyLpXOrv3N1vpwiDM+W71pw@mail.gmail.com>,2026-06-08,Administracion Prezo <administracion@prezo.es>,¡Aquí tienes la cuenta ! 🧾,PRO2603905 NUEVO VH SL -RESTAURANTE DINGUI.pdf,2026-06-08_prezo_PRO2603905-NUEVO-VH-SL--RESTAURANTE-DINGUI.pdf,2aefd089303c38da2012801f9d7546167ca705be5feb2eba807f5ac204f7e78a,45018,descargado,,
<601797696.449576.1780872939410@megaout.megamail.lacaixa.es>,2026-06-08,info@caixabank.es,Comprobante transferencia,comprobante.pdf,2026-06-08_caixabank_comprobante.pdf,69bbc3fb40b25c4b7bf8c05e92b12e90bdfb943b6ea12816b3cf3f1ecd9eb2cd,24586,comprobante_banco,,
<_eTZxlHs03B4_-RqaRs2Fg@clickandsign.eu>,2026-06-05,Getnet Europe (a Santander company) <sign@clickandsign.eu>,Contrato firmado TPV,CONTRATO DISCOTECA DINGUI_signed.pdf,2026-06-05_clickandsign_CONTRATO-DISCOTECA-DINGUI_signed.pdf,d2390944444b76f0b9f1405def23c7f7e94f953aabecf20b1685866961d07790,6808793,descartado,,
<1445480885.1021711.1780651848621@megaout.megamail.lacaixa.es>,2026-06-05,info@caixabank.es,Comprobante transferencia,comprobante.pdf,2026-06-05_caixabank_comprobante.pdf,b38e2c8ede170d5c1fbf2af5c4186c10c8d71059bd09fae4fe59208328ccc582,24582,comprobante_banco,,
<385949981.1227034.1780416514182@megaout.megamail.lacaixa.es>,2026-06-02,info@caixabank.es,Comprobante transferencia,comprobante.pdf,2026-06-02_caixabank_comprobante.pdf,d4b1d0d0c55c0c05ad0dab5ceb1093a17b28f030c7c1353782ea8a90605c4991,24572,comprobante_banco,,
<!&!AAAAAAAAAAAYAAAAAAAAAJtmdkjaOZpIuwpbIkFQZn3CgAAAEAAAABmM7aFsYgtPlNihR4JT+10BAAAAAA==@pickingcadiz.com>,2026-06-02,<contabilidad@pickingcadiz.com>,Factura Nuevo VH S.L. - Factura Nº 2026001801,Factura Cliente Nº 2026001801 [0001-001].pdf,2026-06-02_pickingcadiz_Factura-Cliente-No-2026001801-0001-001-.pdf,edc3d98902549887086a4315909a5545842d86fa9ae14f49e75ef48537a752a0,38377,descargado,,
<!&!AAAAAAAAAAAYAAAAAAAAAJtmdkjaOZpIuwpbIkFQZn3CgAAAEAAAAPJYhyCH+V1HpEmQLPdI/TABAAAAAA==@pickingcadiz.com>,2026-06-02,<contabilidad@pickingcadiz.com>,Factura Nuevo VH S.L. - Factura Nº 2026001809,Factura Cliente Nº 2026001809 [0001-001].pdf,2026-06-02_pickingcadiz_Factura-Cliente-No-2026001809-0001-001-.pdf,aef4626add70922fae7fc22c0f1e81b492ca5c2854bde46e4946be43b76be794,37014,descargado,,
<!&!AAAAAAAAAAAYAAAAAAAAAJtmdkjaOZpIuwpbIkFQZn3CgAAAEAAAAIYuCbh+cnlOvHzovZha/68BAAAAAA==@pickingcadiz.com>,2026-06-02,<contabilidad@pickingcadiz.com>,Factura Nuevo VH S.L. - Factura Nº 2026001808,Factura Cliente Nº 2026001808 [0001-001].pdf,2026-06-02_pickingcadiz_Factura-Cliente-No-2026001808-0001-001-.pdf,622035a0f8635c895d0dacc6fa5bce7c36cc3435d6c3e1f5e32e90e4ef2d7328,37378,descargado,,
<VI1PR08MB53587942ADE128E1640B110FBD152@VI1PR08MB5358.eurprd08.prod.outlook.com>,2026-06-01,JAVIER QUINTERO JAMONES LA ENCINA <jamoneslaencina@hotmail.com>,FACTURA PEDIDO LA ENCINA,VH.pdf,2026-06-01_hotmail_VH.pdf,26f9909d4eeeb8ad7291095f1be17c8f3bafe07fe9147085f8deb84d4c12ae68,33093,duplicado_registro,,
<0665c8b22243e0a87e887c9fbd5eea9842495003-10004962-100081937@google.com>,2026-06-01,Google Payments <payments-noreply@google.com>,Google Workspace: tu factura de dinguiclub.com está disponible,5587001873.pdf,2026-06-01_google_5587001873.pdf,63ad097122cbe413050db7f18a03e1b167741bf6079fa0c7a7bb3c4d5c608145,63399,subido_drive,1NNMc2sqEij-NH0CdT6sr26fOC31QQ4x_,
<6a1d521d.ab481ff7.37211c.31fcSMTPIN_ADDED_MISSING@mx.google.com>,2026-06-01,administracion@melgarejoehijos.com,[SPAM] Factura N2394 31/05/2026 DINGUI,Factura N2394 31/05/2026 DINGUI.pdf,2026-06-01_melgarejoehijos_Factura-N2394-31-05-2026-DINGUI.pdf,f707f85504c90a17d8d8052bc9c0d5946a7fd18d62abed499b3eba51d00c368b,8394,subido_drive,1odcrHoVOJ_yM8BypYRktxYpoR4LxTLm9,
<16506702ccb042bea7558d9df9eac347@eumail.docusign.net>,2026-05-31,"""Marta Raya a través de Docusign"" <dse@eumail.docusign.net>",Completado: Documentos para su firma mediante DocuSign,ESPAÑA - SEPA_Dingui - Standard 2025 - NUEVO VH S.L.pdf,2026-05-31_eumail_ESPANA---SEPA_Dingui---Standard-2025---NUEVO-VH-S.L.pdf,0ddd1a6f03e8311996c19b5c9ab41454dec679af7102970c615ed5d77d102f1f,578713,descartado,,
<20260528152845.9f50e6cde90b1b11@eu.holded.com>,2026-05-28,Departamento de Administración Miss Tipsi<no-reply@eu.holded.com>,Factura Nuevos Clientes Tipsi,F267112.pdf,2026-05-28_eu_F267112.pdf,d28504a39e2d7ca18e3e1d151d5242308b9d593140d440a6a31a5ec8d6ffcd1f,85051,descargado,,
<20260528152845.4d8947b2e0ea92c6@eu.holded.com>,2026-05-28,Departamento de Administración Miss Tipsi<no-reply@eu.holded.com>,Factura Nuevos Clientes Tipsi,F267113.pdf,2026-05-28_eu_F267113.pdf,940cdf41bb691dd18d59460913914fbd5ed4429c72fc0d43f8e14bf81f057231,83034,descargado,,
<617418021.507576.1779964645828@megaout.megamail.lacaixa.es>,2026-05-28,info@caixabank.es,Comprobante transferencia,comprobante.pdf,2026-05-28_caixabank_comprobante.pdf,9f3c1f65ce0c5a3b115af451549a03be2cbc8e0259c7611d3d915783d74f2365,24576,comprobante_banco,,
<1760878148.715494.1779962335240@megaout.megamail.lacaixa.es>,2026-05-28,info@caixabank.es,Comprobante transferencia,comprobante.pdf,2026-05-28_caixabank_comprobante.pdf,5a89e09e6c893d9d9ded20053f91d94bddc741028f5618cd65cab2570bed0641,24591,comprobante_banco,,
<782336699.593502.1779895003738@megaout.megamail.lacaixa.es>,2026-05-27,info@caixabank.es,Comprobante transferencia,comprobante.pdf,2026-05-27_caixabank_comprobante.pdf,9ca161366fba74c9063605e5ee86a0a6de062094b9f58dd7a376731b6e1d4225,24572,comprobante_banco,,
<0113019e66049bfe-4da7cad3-d057-4ba8-8cce-48c0b501b193-000000@eu-west-3.amazonses.com>,2026-05-26,info@O2online.es,Notificación de O2,Contrato O2.pdf,2026-05-26_O2online_Contrato-O2.pdf,1919eb38a546e4c3c8444c30cfcb27356aec8e40446c0badcca5dc7be6214369,95250,descartado,,
<0113019e66048392-ba0532ae-3987-49ee-a491-abdc3a6a5ef6-000000@eu-west-3.amazonses.com>,2026-05-26,info@O2online.es,Solicitud de alta en O2,Contrato O2.pdf,2026-05-26_O2online_Contrato-O2.pdf,6faf5c5f7c52a55ddbe0d6676af006ecd175b4dfce4d180ea48d902dac2f6cfd,95250,descartado,,
<0113019e66048392-ba0532ae-3987-49ee-a491-abdc3a6a5ef6-000000@eu-west-3.amazonses.com>,2026-05-26,info@O2online.es,Solicitud de alta en O2,O2 - Condiciones Generales Del Servicio O2 Fibra.pdf,2026-05-26_O2online_O2---Condiciones-Generales-Del-Servicio-O2-Fibra.pdf,b1718900c7f61bc490b21d6e328b832eef205690f7f17809a0a50d404f4a98f9,104564,descartado,,
<0113019e6603d6b8-2a9f8cb6-2612-432e-af62-25776a241f46-000000@eu-west-3.amazonses.com>,2026-05-26,info@O2online.es,Resumen de los productos de O2,resumenes de contrato/Resumen Contrato Fibra 1Gb + 120GB.pdf,2026-05-26_O2online_resumenes-de-contrato-Resumen-Contrato-Fibra-1Gb-120GB.pdf,74af5eeb1337df320e8bc7e2608d6d259c44bf08e80a2daf3c38dcb35439e359,68396,descartado,,
<643351562.182054.1779748512906@megaout.megamail.lacaixa.es>,2026-05-26,info@caixabank.es,Comprobante transferencia,comprobante.pdf,2026-05-26_caixabank_comprobante.pdf,31f60653356b6d07c9d02aed109324e7929109ee974c520092257e2f1645de81,24584,comprobante_banco,,
<2012602760.232861.1779433377801@megaout.megamail.lacaixa.es>,2026-05-22,info@caixabank.es,Comprobante transferencia,comprobante.pdf,2026-05-22_caixabank_comprobante.pdf,343deb529709d0661241387b1e185e371c71270bee847cd727251618cc3c2a82,24586,comprobante_banco,,
<6f2c4770c52efaa2b415d43a761bd3d3@opina.caixabank.com>,2026-05-20,CaixaBank <opina@caixabank.com>,Seguimos interesados en escuchar tu opinión,mail.jpg,2026-05-20_caixabank_mail.jpg,12e95de6023b989a2b32d4aa565c13069f7ef927a86c2af0ac3ae9731c2594d7,78612,comprobante_banco,,
<150645922.212960.1778866212033@megaout.megamail.lacaixa.es>,2026-05-15,info@caixabank.es,Comprobante transferencia,comprobante.pdf,2026-05-15_caixabank_comprobante.pdf,ee0a3769e648061d1cf25e443e02bda5fcf47cc41dec99a0a155ac631c85702f,24572,comprobante_banco,,
<021901dce3b1$353c67e0$9fb537a0$@numier.com>,2026-05-14,<comercial@numier.com>,Propuesta NUMIER TPV/DOJO - DINGUI - Puerto de Santa Maria,PR2605-18232- Dingui.pdf,2026-05-14_numier_PR2605-18232--Dingui.pdf,cfa6f0b73fd17e0c122a010f9e9b08cf97f5d46002f3d6738913d4c1cce03d5e,35400,descartado,,
<021901dce3b1$353c67e0$9fb537a0$@numier.com>,2026-05-14,<comercial@numier.com>,Propuesta NUMIER TPV/DOJO - DINGUI - Puerto de Santa Maria,EXCLUSIVO  NUMIER - DOJO - MAYO 2026.pdf,2026-05-14_numier_EXCLUSIVO-NUMIER---DOJO---MAYO-2026.pdf,d8162dff5086d41d815b52766713282593f1a5b92190066c6a8f1bdf22a6f0e1,518751,descartado,,
<021901dce3b1$353c67e0$9fb537a0$@numier.com>,2026-05-14,<comercial@numier.com>,Propuesta NUMIER TPV/DOJO - DINGUI - Puerto de Santa Maria,FICHA CLIENTE DOJO EDITABLE.pdf,2026-05-14_numier_FICHA-CLIENTE-DOJO-EDITABLE.pdf,fae9d66eea904b1cd5d9e1166ef520b07baf5508c36ee171e268a7d3f6ce3eb0,122284,descartado,,
<1317939098.1461062.1778528817884@megaout.megamail.lacaixa.es>,2026-05-11,info@caixabank.es,Comprobante transferencia,comprobante.pdf,2026-05-11_caixabank_comprobante.pdf,57df4b311e7877893801331d53c5397cb8e225bbea207447c41317112f433729,26219,comprobante_banco,,
<844831302.186787.1778245269208@megaout.megamail.lacaixa.es>,2026-05-08,info@caixabank.es,Comprobante transferencia,comprobante.pdf,2026-05-08_caixabank_comprobante.pdf,94b21dd0cdcd19ff9c26cd8c0aaea3ec250f80005b9c5c489c17044f850d1518,24569,comprobante_banco,,
<627018025.630069.1778147462656@megaout.megamail.lacaixa.es>,2026-05-07,info@caixabank.es,Comprobante transferencia,comprobante.pdf,2026-05-07_caixabank_comprobante.pdf,8d7acad9f07d3f9bca01f15f8d02f330327a7ba2a10b1aa7181354a2d11d9f47,24577,comprobante_banco,,
<4b5099c4e3bff1fcf7a3d56bb2b2cd5725767c5d-10004962-100081937@google.com>,2026-05-02,Google Payments <payments-noreply@google.com>,Google Workspace: tu factura de dinguiclub.com está disponible,5560923357.pdf,2026-05-02_google_5560923357.pdf,8884871cac4c8e82efe0d2c3fcc08fd36b00a6d85f544fe3cb293a52f9f21d69,63184,descargado,,
<557281129.292636.1777543723532@megaout.megamail.lacaixa.es>,2026-04-30,info@caixabank.es,Comprobante transferencia,comprobante.pdf,2026-04-30_caixabank_comprobante.pdf,471dab2588ea1e053856ef4dd015615e7483a2da6f7270a569bde207e4a0c1f7,24583,comprobante_banco,,
<541022734.317961.1777538844682@megaout.megamail.lacaixa.es>,2026-04-30,info@caixabank.es,Comprobante transferencia,comprobante.pdf,2026-04-30_caixabank_comprobante.pdf,73a4befaf89a4f366082d880476795ca736e063d40fcdb4cbcc38643c5551637,24585,comprobante_banco,,
<244815367.482390.1777536737430@megaout.megamail.lacaixa.es>,2026-04-30,info@caixabank.es,Comprobante transferencia,comprobante.pdf,2026-04-30_caixabank_comprobante.pdf,76f316be133d88abaa7ae83dc995b888ff9def908e253e44fee92ef0c719cf8e,24579,comprobante_banco,,
<81368589.481012.1777536409958@megaout.megamail.lacaixa.es>,2026-04-30,info@caixabank.es,Comprobante transferencia,comprobante.pdf,2026-04-30_caixabank_comprobante.pdf,a59c44c075a25ece7681b8be3a95959feed693a9ca2767aa238680b2ba081548,24572,comprobante_banco,,
<1656778797.396160.1777534964550@megaout.megamail.lacaixa.es>,2026-04-30,info@caixabank.es,Comprobante transferencia,comprobante.pdf,2026-04-30_caixabank_comprobante.pdf,844d25662fd95d04b80388c6aab2731e0a4c5343f83063f1897b9a6a08003ff0,24575,comprobante_banco,,
<AM6PR03MB43900868D2DD8145BBA66A12B2D42@AM6PR03MB4390.eurprd03.prod.outlook.com>,2026-08-04,"""info@distribucionesmerino.com"" <info@distribucionesmerino.com>",Adjuntamos las siguientes facturas: 24088/26A,FACT24088_26A.pdf,2026-08-04_distribucionesmerino_FACT24088_26A.pdf,770162aecc5ea019bb58618edb1c55367e9880db75721101c3bb628511cbf9a0,51839,subido_drive,1cHuRPd1xPNU6fJUQxyhKnHmzOJYt3-Ys,
<AM6PR03MB43900868D2DD8145BBA66A12B2D42@AM6PR03MB4390.eurprd03.prod.outlook.com>,2026-08-04,"""info@distribucionesmerino.com"" <info@distribucionesmerino.com>",Adjuntamos las siguientes facturas: 24088/26A,FACT24088_26A_Albaranes.pdf,2026-08-04_distribucionesmerino_FACT24088_26A_Albaranes.pdf,b7b305d7d9d8e18f520a81daa3233e278b1e44cd366009dd619bebdd7a7b82ba,89794,descartado,,
<AM6PR03MB43904C69769448FE70F10FB7B2D42@AM6PR03MB4390.eurprd03.prod.outlook.com>,2026-08-04,"""info@distribucionesmerino.com"" <info@distribucionesmerino.com>","Adjuntamos las siguientes facturas: 24033/26A, 24065/26A",FACT24033_26A.pdf,2026-08-04_distribucionesmerino_FACT24033_26A.pdf,6884f8f0ca3c434b242709fe8d9f68e8be7b06e33cfda384f57f81ee04cde209,52490,subido_drive,1ZxB6Y3Lx_13vEfWByxVNV9XH3W4bDfxX,
<AM6PR03MB43904C69769448FE70F10FB7B2D42@AM6PR03MB4390.eurprd03.prod.outlook.com>,2026-08-04,"""info@distribucionesmerino.com"" <info@distribucionesmerino.com>","Adjuntamos las siguientes facturas: 24033/26A, 24065/26A",FACT24033_26A_Albaranes.pdf,2026-08-04_distribucionesmerino_FACT24033_26A_Albaranes.pdf,b58e27c1d1ff957a0530183d7cd62478ccab867c51f25bb783aeff3fae81ff3d,81850,descartado,,
<AM6PR03MB43904C69769448FE70F10FB7B2D42@AM6PR03MB4390.eurprd03.prod.outlook.com>,2026-08-04,"""info@distribucionesmerino.com"" <info@distribucionesmerino.com>","Adjuntamos las siguientes facturas: 24033/26A, 24065/26A",FACT24065_26A.pdf,2026-08-04_distribucionesmerino_FACT24065_26A.pdf,0f133f4e4d32e1ce827a9b56e8ebe1000b91099bb7804c856646846319b2d59a,51675,subido_drive,1ryCdMbIuMUZmF7dJq9UZBxy3r5J6KtXh,
<AM6PR03MB43904C69769448FE70F10FB7B2D42@AM6PR03MB4390.eurprd03.prod.outlook.com>,2026-08-04,"""info@distribucionesmerino.com"" <info@distribucionesmerino.com>","Adjuntamos las siguientes facturas: 24033/26A, 24065/26A",FACT24065_26A_Albaranes.pdf,2026-08-04_distribucionesmerino_FACT24065_26A_Albaranes.pdf,4cb07cc5d2a462ef8cb7351c97e8e6f9b1a469706d47f613141d1dce4e4c7fe1,78380,descartado,,
<ADR510000027883910225919F2D8BCC91FD1A3F464AABE844EE7@MONBAKE.COM>,2026-08-03,Monbake informa <mensajes@monbake.com>,MONBAKE GRUPO EMPRESARIAL.Factura.2258053551,2258053551.PDF,2026-08-03_monbake_2258053551.PDF,c00021b29084bec6cd6e8ad286fa4c7b809eb9a140874798df18407a6566060a,28815,subido_drive,15dKJpLzxEzWPiesIUVwOYHNtG32kH6z4,
<ab6lyxkbumrtma9yy7aktt373l3an7o88wnl689drvy4lmyoqay0u922wh37e30g@netsuite.com>,2026-08-03,CoverManager <facturacion@covermanager.com>,CoverManager - julio - 2026082664 (NUEVO VH S.L),Factura de venta_2026082664_1785759048390.pdf,2026-08-03_covermanager_Factura-de-venta_2026082664_1785759048390.pdf,5a6a8a90060f733dd77a8f9f71c5809b1b0c0f2f870183034e581b1b7270c84e,59595,subido_drive,1YbkEpnvhNIoonDivFCVTeu7oQSVv_YtK,
<AM6PR03MB43902D3D9C58686606F0FDEEB2D52@AM6PR03MB4390.eurprd03.prod.outlook.com>,2026-08-03,"""info@distribucionesmerino.com"" <info@distribucionesmerino.com>",Adjuntamos las siguientes facturas: 23869/26A,FACT23869_26A.pdf,2026-08-03_distribucionesmerino_FACT23869_26A.pdf,0e8eae96907a50ed31dc19c535fa5880b3bf0b7ddd7830d469d5605020296d7b,50823,subido_drive,1FVbuOQe2fzJdWWBmXz7342PsT_dvM4bg,
<AM6PR03MB43902D3D9C58686606F0FDEEB2D52@AM6PR03MB4390.eurprd03.prod.outlook.com>,2026-08-03,"""info@distribucionesmerino.com"" <info@distribucionesmerino.com>",Adjuntamos las siguientes facturas: 23869/26A,FACT23869_26A_Albaranes.pdf,2026-08-03_distribucionesmerino_FACT23869_26A_Albaranes.pdf,6d1ef3efe578ebf1091644edd9acd88cffce5d2f5db35db89d659bbf1347996f,68108,descartado,,
<6a707491.bd76578f.98281.6c7bSMTPIN_ADDED_MISSING@mx.google.com>,2026-08-03,"""Ipasur licores & vinos"" <administracion@ipasur.com>",factura : Envío de facturas de venta,FA666.pdf,2026-08-03_ipasur_FA666.pdf,6cb42ab463f3cfe559885c319840ac3a552aa2171a4e5a0de19459b78d4f6b6d,31816,subido_drive,116kuskEmnyxthHgmhpz072Mkpj08uSx9,
<6a706652.ca77173b.227c6e.3373SMTPIN_ADDED_MISSING@mx.google.com>,2026-08-03,administracion@melgarejoehijos.com,Factura N3534 31/07/2026 DINGUI,Factura N3534 31/07/2026 DINGUI.pdf,2026-08-03_melgarejoehijos_Factura-N3534-31-07-2026-DINGUI.pdf,a0f292f945dbd1d941ad9f3680bd475c572b2c9fc1f8ac010a4bf882360fc1c9,16245,subido_drive,1z42_HLORhxXkpVojpTHUJzN5xa6clEge,
<79d2e3bdab23eb9b36a23a252f1c701997a15a2c-10004962-100081937@google.com>,2026-08-01,Google Payments <payments-noreply@google.com>,Google Workspace: tu factura de dinguiclub.com está disponible,5643581388.pdf,2026-08-01_google_5643581388.pdf,77815fd08b9267f739d45fc48c5d50f3aa3bee442f2926ffc62129ebf50db54b,85204,subido_drive,1kJmuLdkFtkWN0tZAuOVo_Rbyo-sZT3qE,
<Y7FUZ3NCXTU4.IWB9449CPTW62@localhost>,2026-07-31,MGS Mobile Reparto <administracion@guadalete.com.es>,GUADALETE DISTRIBUCION Y LOGISTICA S.L.U. Entrega realizada en DINGUI,1785485379153.pdf,2026-07-31_guadalete_1785485379153.pdf,b1d33e7dcc2ec21a6ecb350859afdac4c85faa7adf5fbc3b536f7aa64adab064,120989,subido_drive,1zVOVxyNzm1_wVthf3VblYvL_eGunT63W,
<AM6PR03MB4390F62BBD8B623EE8DD0D74B2C92@AM6PR03MB4390.eurprd03.prod.outlook.com>,2026-07-30,"""info@distribucionesmerino.com"" <info@distribucionesmerino.com>","Adjuntamos las siguientes facturas: 23316/26A, 23360/26A",FACT23316_26A.pdf,2026-07-30_distribucionesmerino_FACT23316_26A.pdf,2e0deee14a4d42c46c8eefa626f3fb647888b95de2e16cd64c7b56345a669f0b,50787,subido_drive,1FSvfd0IIEGJPT04piELqHFw0wXru_5rG,
<AM6PR03MB4390F62BBD8B623EE8DD0D74B2C92@AM6PR03MB4390.eurprd03.prod.outlook.com>,2026-07-30,"""info@distribucionesmerino.com"" <info@distribucionesmerino.com>","Adjuntamos las siguientes facturas: 23316/26A, 23360/26A",FACT23316_26A_Albaranes.pdf,2026-07-30_distribucionesmerino_FACT23316_26A_Albaranes.pdf,d800c845ac2bba80466b10cff11b306cdd2858fc796c69e1d9347e1497b0d629,53768,descartado,,
<AM6PR03MB4390F62BBD8B623EE8DD0D74B2C92@AM6PR03MB4390.eurprd03.prod.outlook.com>,2026-07-30,"""info@distribucionesmerino.com"" <info@distribucionesmerino.com>","Adjuntamos las siguientes facturas: 23316/26A, 23360/26A",FACT23360_26A.pdf,2026-07-30_distribucionesmerino_FACT23360_26A.pdf,2e707a3ab1c57595f371a72a59d335ffddabbcf153f5247b7664748371fdd59c,51566,subido_drive,1Fq7kCVr5DtXZ7-x52FAAVmCJ_RpNJEtR,
<AM6PR03MB4390F62BBD8B623EE8DD0D74B2C92@AM6PR03MB4390.eurprd03.prod.outlook.com>,2026-07-30,"""info@distribucionesmerino.com"" <info@distribucionesmerino.com>","Adjuntamos las siguientes facturas: 23316/26A, 23360/26A",FACT23360_26A_Albaranes.pdf,2026-07-30_distribucionesmerino_FACT23360_26A_Albaranes.pdf,268fd08b1c2c232750464c67b8006341cbd0e6b6b6ca059d4466d5befbd18114,53976,descartado,,
<!&!AAAAAAAAAAAYAAAAAAAAAJtmdkjaOZpIuwpbIkFQZn3CgAAAEAAAAGRYq4DpVhpMruPF0C+M+Z0BAAAAAA==@pickingcadiz.com>,2026-07-30,<contabilidad@pickingcadiz.com>,Factura Nuevo VH S.L. - Factura Nº 2026003150,Factura Cliente Nº 2026003150 [0001-001].pdf,2026-07-30_pickingcadiz_Factura-Cliente-No-2026003150-0001-001-.pdf,ef78001689564cf5ffc744224f62450165cca498afc82d086709950a230fa22f,37347,subido_drive,1kga3-mCIYpxyZR2n2Tu_8mJ61_2sHA7C,
<ADR5100000272603302273367C93CA321FE1A2FBED06A2E49B75@MONBAKE.COM>,2026-07-30,PAPPAND <mensajes@monbake.com>,MONBAKE GRUPO EMPRESARIAL. Factura. 2257952700,2257952700.pdf,2026-07-30_monbake_2257952700.pdf,66c8652a7ff02dc8d65d1a226d846615de1b3b5798d8b330179f152b974b4ae1,40647,subido_drive,1HDiBwvNHvzohFaQFicQEs5yYvgNwGNAn,
<20260804142122.fba60cf8f18ba4db@eu.holded.com>,2026-08-04,"""FUTURE IS AN ATTITUDE S.L."" <no-reply@eu.holded.com>",Factura A2607814 de FUTURE IS AN ATTITUDE S.L.,A2607814.pdf,2026-08-04_eu_A2607814.pdf,43542bc0a692cd5901c1137d9f5565ac29bc6aaad3c5185d64b5c4c0d7e0d402,32374,descargado,,
<02f801dd263e$105bea70$3113bf50$@stima21.com>,2026-08-07,"""Lina Casado"" <linacasado@stima21.com>",Facturas emitidas - Proyecto discoteca DINGUI,T42575_Discoteca_Dingui_1.pdf,2026-08-07_stima21_T42575_Discoteca_Dingui_1.pdf,67d539fc6c0063d45d46a47542fa19128ec11e7d8334d443f6796caaadc6bc99,495327,duplicado_registro,,
<02f801dd263e$105bea70$3113bf50$@stima21.com>,2026-08-07,"""Lina Casado"" <linacasado@stima21.com>",Facturas emitidas - Proyecto discoteca DINGUI,T12619_Discoteca_Dingui_2.pdf,2026-08-07_stima21_T12619_Discoteca_Dingui_2.pdf,5decb08b5b191f39f979d10fb780f096de88b8735a4cd322c6c744401f05cbc3,182342,duplicado_registro,,
<02f801dd263e$105bea70$3113bf50$@stima21.com>,2026-08-07,"""Lina Casado"" <linacasado@stima21.com>",Facturas emitidas - Proyecto discoteca DINGUI,T32661_Discoteca_Dingui_3.pdf,2026-08-07_stima21_T32661_Discoteca_Dingui_3.pdf,d89432d0f985060bff6708815a30d29e48e58f2b9dc8a193e3134eefe5d1bce2,452802,subido_drive,,
<02f801dd263e$105bea70$3113bf50$@stima21.com>,2026-08-07,"""Lina Casado"" <linacasado@stima21.com>",Facturas emitidas - Proyecto discoteca DINGUI,T32665_Discoteca_Dingui_4.pdf,2026-08-07_stima21_T32665_Discoteca_Dingui_4.pdf,7bbdea74cb9323e31f3aa72b159a218982548ec0bd94bdf21cc5f3d25162eb50,452760,subido_drive,,
<1716605606.2470915.1785961360931@megaout.megamail.lacaixa.es>,2026-08-05,info@caixabank.es,Comprobante transferencia,comprobante.pdf,2026-08-05_caixabank_comprobante.pdf,dc2cd2391a547ba7834e6cc4e13b04c1b058904a92d84b7a100b1a90d36774cb,24591,descargado,,
<1096558893.2330338.1785960106839@megaout.megamail.lacaixa.es>,2026-08-05,info@caixabank.es,Comprobante transferencia,comprobante.pdf,2026-08-05_caixabank_comprobante.pdf,da57bb23ebd48788f658ee20e9061afad6587eeeb02905d462e58a42f095d1b5,24576,descargado,,
<703336240.75254.1785931768615@gcom-jt-nuc-jee-notifyoutgoing-3-wlgww32gnp>,2026-08-05,O2 <info@email.o2online.es>,Factura O2,Factura_OM7VAHJ001XXXX.pdf,2026-08-05_email_Factura_OM7VAHJ001XXXX.pdf,a4dd2568a71ce98368b3deed6111b63f341d4d04d465afa51b37ebfbe07f7112,78883,subido_drive,,
<6a72faf1.6188df2d.12546.a11dSMTPIN_ADDED_MISSING@mx.google.com>,2026-08-05,administracion@melgarejoehijos.com,Factura N3534 31/07/2026 DINGUI,Factura N3534 31/07/2026 DINGUI.pdf,2026-08-05_melgarejoehijos_Factura-N3534-31-07-2026-DINGUI.pdf,763ec139601ebb68505d1029626c38e3266de98237813cd401f4e823a4c10a41,16254,descargado,,
<AM6PR03MB4390D858607DAE6C456ECEA3B2D32@AM6PR03MB4390.eurprd03.prod.outlook.com>,2026-08-05,"""info@distribucionesmerino.com"" <info@distribucionesmerino.com>",Adjuntamos las siguientes facturas: 24171/26A,FACT24171_26A.pdf,2026-08-05_distribucionesmerino_FACT24171_26A.pdf,f2df9c01918f3c163837e906ef83ddd784f4e042630c4c68108d78002fe54d44,50728,subido_drive,,
<AM6PR03MB4390D858607DAE6C456ECEA3B2D32@AM6PR03MB4390.eurprd03.prod.outlook.com>,2026-08-05,"""info@distribucionesmerino.com"" <info@distribucionesmerino.com>",Adjuntamos las siguientes facturas: 24171/26A,FACT24171_26A_Albaranes.pdf,2026-08-05_distribucionesmerino_FACT24171_26A_Albaranes.pdf,1cd8f786b159a23cdd85dd8883a6f65477bb88eb2652b32ecf37fa50a11b004a,56158,descargado,,
<AM6PR03MB439031C3A36B01C8788A35CBB2D32@AM6PR03MB4390.eurprd03.prod.outlook.com>,2026-08-05,"""info@distribucionesmerino.com"" <info@distribucionesmerino.com>",Adjuntamos las siguientes facturas: 24143/26A,FACT24143_26A.pdf,2026-08-05_distribucionesmerino_FACT24143_26A.pdf,2ddb8cccc29962f2e7d4e9b0353f5251728673e2d2ddc87949e14c9be128e45b,51902,subido_drive,,
<AM6PR03MB439031C3A36B01C8788A35CBB2D32@AM6PR03MB4390.eurprd03.prod.outlook.com>,2026-08-05,"""info@distribucionesmerino.com"" <info@distribucionesmerino.com>",Adjuntamos las siguientes facturas: 24143/26A,FACT24143_26A_Albaranes.pdf,2026-08-05_distribucionesmerino_FACT24143_26A_Albaranes.pdf,12d0e6a5ce8a3cebe9d1389d4ecd3f7e9c760fc7091be6f8c38180eebf3008b9,76834,descargado,,
