drive_id,drive_url,carpeta_mes,nombre_archivo,mime_type,modified_time,proveedor,cif,num_factura,fecha_factura,base_imponible_eur,iva_eur,total_eur,categoria,contiene,n_lineas_fb,estado,procesado_at,notas
1XoNBmTKCa1y0rfQb5nmXIDiUNqW90VVz,https://drive.google.com/file/d/1XoNBmTKCa1y0rfQb5nmXIDiUNqW90VVz/view?usp=drivesdk,Facturas 1ertrimestre 26,T42575_Discoteca_Dingui_1.pdf,application/pdf,2026-04-17T10:59:40.368Z,"STIMA21 INGENIEROS, S.L.U.",B-72098833,T42575,2025-12-22,2500.0,525.0,3025.0,otros,Honorarios de ingeniería: redacción de proyecto básico y de ejecución de adecuación de local destinado a discoteca en El Puerto de Santa María (Cádiz),0,procesada,2026-07-29,"Cliente: Nuevo VH, S.L. (CIF B22859946). Factura de honorarios del pago adelantado de fecha 17/07/2025. Obra/Proyecto: Proyecto discoteca Dingui. Ref. catastral 6240916QA4564A0002SA. IVA 21%. Forma de pago: transferencia bancaria (BBVA ES35 0182 3146 4902 0181 4707), vencimiento 22/12/2025. Firmada digitalmente por Daniel Pérez Lorenzo el 22/12/2025."
1437GtDRxMUf6ODCU_4piBz_2f9-RPawZ,https://drive.google.com/file/d/1437GtDRxMUf6ODCU_4piBz_2f9-RPawZ/view?usp=drivesdk,Facturas 1ertrimestre 26,Fra.cuotas comunidad 4T25 LC21.pdf,application/pdf,2026-01-27T09:11:56Z,REALMIVO S.L.,B09664194,01/26,2026-01-01,595.08,124.97,720.05,otros,"Cuotas ordinarias de comunidad de propietarios del CC Vistahermosa, Local 21, meses de octubre, noviembre y diciembre 2025 (4T25), segun clausula 8.1 del contrato de arrendamiento firmado el 30/09/2025",0,procesada,2026-07-29,"Factura emitida al arrendatario NUEVO VH S.L. (CIF B-22.859.946). IVA 21%. Pago por transferencia a cuenta ES5700497343712510009481. Un unico concepto, sin lineas de producto por ser categoria otros."
10Kl5Ow0TUTE-6tD5ktFFfVJ76TPKx2rg,https://drive.google.com/file/d/10Kl5Ow0TUTE-6tD5ktFFfVJ76TPKx2rg/view?usp=drivesdk,Facturas 1ertrimestre 26,Factura de Cargo nº 2026.C.250 .pdf,application/pdf,2026-04-20T09:02:24Z,"LABORATORIOS COGESUR, S.L.",B72081706,2026.C.250,2026-01-31,270.0,56.7,326.7,otros,"Servicio técnico: prueba de carga estructural mediante depósitos de agua (500Kg/m², 4 escalones, ~28m²) con medición de flechas de deformación, obra CC Vistahermosa Fase 3",0,procesada,2026-07-29,"Factura de servicios de laboratorio de ensayos (no comida/bebida). Cliente NUEVO VH, S.L. (NIF B22859946). Expte. 15414, presupuesto 29337. Firmada digitalmente 05/02/2026 por Juan Carlos Paez (Laboratorios Cogesur SL). Pago por transferencia Bankinter."
1fZ2nrgQdac05mE6iJJlVpyb07jtMABDR,https://drive.google.com/file/d/1fZ2nrgQdac05mE6iJJlVpyb07jtMABDR/view?usp=drivesdk,Facturas 1ertrimestre 26,13-Nuevo VH SL.pdf,application/pdf,2026-02-05T16:30:02Z,REALMIVO S.L.,B-09.664.194,13/26,2026-02-01,1898.36,398.66,2297.02,otros,Arrendamiento local comercial nº 21 CC Vistahermosa (febrero 2026) + cuota ordinaria comunidad de propietarios (enero 2026),0,procesada,2026-07-29,"Factura de alquiler emitida por REALMIVO S.L. (arrendador) a NUEVO VH S.L. (arrendatario, CIF B-22.859.946). Base: 1.700,00 EUR renta febrero + 198,36 EUR cuota comunidad enero 2026 segun clausula 8.1 del contrato de 30/09/2025. IVA 21%. Pago por transferencia a ES5700497343712510009481."
1yXFndWkOXkEZgciHPVQpjPTmRwzN0tHm,https://drive.google.com/file/d/1yXFndWkOXkEZgciHPVQpjPTmRwzN0tHm/view?usp=drivesdk,Facturas 1ertrimestre 26,20260409090023.pdf,application/pdf,2026-04-09T07:43:45Z,"Legal V35, S.L. (notaria) + Registro Mercantil de Cadiz",B87595112,A 209 / A 210 / G 19 / DOC5-2026-1398 / BORME-2026-1519,2026-02-16,1314.98,276.15,1629.45,otros,"Dossier de 14 paginas: provision de fondos, 3 facturas de Legal V35 SL (notaria), minuta del Registro Mercantil de Cadiz, factura BORME y justificante de transferencia Santander",0,procesada,2026-07-29,"Gastos notariales y registrales de la ampliacion de capital de NUEVO VH SL (protocolo 209-26). Agrega 5 documentos de cobro: Legal V35 A 209 (16/02/2026, total 737,44), A 210 (16/02/2026, total 180,96), G 19 (19/02/2026, total 250,00), Registro Mercantil de Cadiz DOC5/2026/1398 (11/03/2026, total 432,33, con retencion IRPF 15% de 53,60) y BORME/2026/1519 (28,72, sin IVA desglosado). Base y IVA agregados de las 4 facturas con desglose; ademas 9,60 EUR de base no sujeta a IVA (suplidos). Neto pagado via provision de fondos: 1.575,85 EUR (provision 2.100,00, devolucion 524,15 el 08/04/2026). No es gasto de comida/bebida: sin lineas de producto."
1l04lKVVYftHafOAJvetrKsjcgeyfv7bN,https://drive.google.com/file/d/1l04lKVVYftHafOAJvetrKsjcgeyfv7bN/view?usp=drivesdk,Facturas 1ertrimestre 26,FACTURA 398.pdf,application/pdf,2026-02-19T11:04:04Z,"SAEZ & BENITO ASOCIADOS, S.L.",B-85347110,26/00398,2026-02-19,166.48,34.96,495.0,otros,"Solicitud de registro de Marca Nacional nº 4364314 'Dingui' en clases 35, 41 y 43 del Nomenclátor Internacional",0,procesada,2026-07-29,"Factura de servicios profesionales (agencia de propiedad industrial). El total incluye 293,56 EUR de tasas oficiales (suplidos, sin IVA) ademas de la base imponible de 166,48 EUR + IVA 21% (34,96 EUR) = 495,00 EUR. Pagada por transferencia bancaria segun observaciones."
1md8kXS63YZRabHg85r6C-ML7_UYbEL3P,https://drive.google.com/file/d/1md8kXS63YZRabHg85r6C-ML7_UYbEL3P/view?usp=drivesdk,Facturas 1ertrimestre 26,FACTURA NUEVO VH.pdf,application/pdf,2026-02-23T17:40:47Z,"PALERMO LEGAL, SL",B13906896,04/2026,2026-02-23,750.0,157.5,907.5,otros,Asesoramiento juridico ampliacion de capital; revision y asesoramiento en el pacto de socios; redaccion contrato de prestamo,0,procesada,2026-07-29,Factura de servicios juridicos (despacho de abogados de Madrid) a NUEVO VH SL (CIF cliente B22859946). IVA 21%. Pago por transferencia bancaria (ES12 0049 3466 1921 1407 0232). Guardada en data/facturas/cache/1md8kXS63YZRabHg85r6C-ML7_UYbEL3P.pdf
18C1avforJhvUJZcinRYPO60DIfNzxICk,https://drive.google.com/file/d/18C1avforJhvUJZcinRYPO60DIfNzxICk/view?usp=drivesdk,Facturas 1ertrimestre 26,NUEVO VH SL (DISCOTECA) PPSTO 35-26 ULTIMO.pdf,application/pdf,2026-02-26T12:28:06Z,MANTENIMIENTOS SÁNCHEZ YUSTE 2021 SL,B06906341,PRESUPUESTO 0035/26,2026-02-24,40118.0,8424.78,48542.78,otros,"Presupuesto de instalación de climatización: 2 equipos de aire acondicionado por conductos MUNDOCLIMA MUCHR-96-H14T, recuperador térmico MUNDOCLIMA mureco 6000 EC-H, extractor SODECA SVE/PLUS/EW-100/H, difusores, rejillas, conductos de fibra, grúa y mano de obra incluidas",0,no_factura,2026-07-29,"El documento es un PRESUPUESTO (Nº 0035/26), no una factura: no tiene número de factura ni condición de devengo (forma de pago 50% adelantado y resto al finalizar). Emitido por Mantenimientos Sánchez Yuste 2021 SL a NUEVO VH SL (B22859946), que figura como cliente. Importes indicados en el presupuesto: subtotal 40.118,00 €, 21% IVA 8.424,78 €, total 48.542,78 €. Categoría 'otros' (equipamiento/instalación de climatización), sin líneas de comida/bebida."
1pyLE5Dm00AlfgP7ZZFv3gm9s8FkNZp38,https://drive.google.com/file/d/1pyLE5Dm00AlfgP7ZZFv3gm9s8FkNZp38/view?usp=drivesdk,Facturas 1ertrimestre 26,Factura de Cargo nº 2026.C.277 .pdf,application/pdf,2026-02-26T08:46:40Z,"LABORATORIOS COGESUR, S.L.",B72081706,2026.C.277,2026-02-26,1080.0,226.8,1306.8,otros,"Servicio técnico: prueba de carga estructural (500 kg/m2, 4 escalones, ~28 m2) con depósitos de agua y medición de flechas de deformación en CC Vistahermosa Fase 3",0,procesada,2026-07-29,"Factura de servicios de laboratorio de ensayos (Cogesur) firmada digitalmente el 26/02/2026. Cliente: NUEVO VH, S.L. (NIF B22859946). Expte. 15414, presupuesto 29337. Pago por transferencia Bankinter. Una sola línea de servicio (EHA-0007): 0,80 uds x 1.350,00 EUR = 1.080,00 EUR + 21% IVA. No es factura de comida/bebida."
1J-fKsARN8lMyXOA_JkYwPnJ25DsGIA9T,https://drive.google.com/file/d/1J-fKsARN8lMyXOA_JkYwPnJ25DsGIA9T/view?usp=drivesdk,Facturas 1ertrimestre 26,24-Nuevo V.H.SL.pdf,application/pdf,2026-03-16T20:23:09Z,REALMIVO S.L.,B-09664194,24/26,2026-03-01,1898.36,398.66,2297.02,otros,"Alquiler local comercial nº 21 CC Vistahermosa (marzo, 1.700,00 EUR) + cuota ordinaria comunidad de propietarios febrero 2026 (198,36 EUR)",0,procesada,2026-07-29,"Factura de arrendamiento emitida por REALMIVO S.L. al arrendatario NUEVO VH S.L. (CIF B-22.859.946). IVA 21% sobre base 1.898,36. Pago por transferencia a ES5700497343712510009481."
1PmDGzF3KniZABZciaTNFRbdpKVhMZH9h,https://drive.google.com/file/d/1PmDGzF3KniZABZciaTNFRbdpKVhMZH9h/view?usp=drivesdk,Facturas 1ertrimestre 26,FACTURA 6. PROV FONDOS DINGUI.pdf,application/pdf,2026-03-16T19:21:27Z,LORENTE Y MILLAN CONSTRUCCIONES S.L.,B11948098,000006,2026-03-04,45401.14,9534.24,54935.38,otros,Provisión de fondos 30% del presupuesto de ejecución de reforma del local para discoteca,0,procesada,2026-07-29,"Factura de obra/reforma (no consumo). Concepto: EJECUCION DE REFORMA LOCAL PARA DISCOTECA, provisión de fondos 30% del presupuesto. IVA 21%. Forma de pago: transferencia ES1000490606152712251832. Cliente: NUEVO VH S.L. (CIF B22859946)."
15QHQsWXloi7qvrdc7dupSCkIcTmKnBDr,https://drive.google.com/file/d/15QHQsWXloi7qvrdc7dupSCkIcTmKnBDr/view?usp=drivesdk,Facturas 1ertrimestre 26,DJ Profesional DJ - 98063.pdf,application/pdf,2026-04-20T10:03:41Z,"Profesional DJ (Sonido, Iluminación y Publicidad Profesional, S.L.)",B73789141,PEDIDO 98063,2026-03-07,,,8508.0,otros,"Equipamiento DJ: 2x Walkasse W-CDM120, 2x AlphaTheta CDJ-3000X, 1x Pioneer DJ DJM-A9, hardcase UDG, auriculares Sennheiser HD-25 Light, micro Shure PGA58, skins TopDJ",0,no_factura,2026-07-29,"No es factura: es un pedido/presupuesto ('PEDIDO 98063', 'TOTAL PRESUPUESTO IVA INCLUIDO') con instrucciones de pago por transferencia previa. Total 8.508,00 EUR IVA incluido sin desglose de base imponible ni cuota de IVA. Cliente: NUEVO VH S.L. (B22859946). Categoría sería 'otros' (equipamiento), no consumo."
1Gu8euJd74DZpIksS_StBoFE9PCBdJkyU,https://drive.google.com/file/d/1Gu8euJd74DZpIksS_StBoFE9PCBdJkyU/view?usp=drivesdk,Facturas 1ertrimestre 26,T12619_Discoteca_Dingui_2.pdf,application/pdf,2026-03-16T19:21:11Z,"STIMA21 INGENIEROS, S.L.U.",B-72098833,T12619,2026-03-13,7000.0,1470.0,8470.0,otros,Honorarios de ingenieria: 2a certificacion sobre honorarios de redaccion de proyecto basico y de ejecucion de adecuacion de local destinado a discoteca en El Puerto de Santa Maria (Cadiz),0,procesada,2026-07-29,"Cliente: Nuevo VH, S.L. (CIF B22859946), codigo cliente 10194. IVA 21%. Pago por transferencia bancaria, vencimiento 13/03/2026. Referencia obra: Proyecto discoteca Dingui, ref. 25051562.02. Servicios profesionales, sin lineas de comida/bebida."
1lBv5OoKLd0OF54Rid4lH_KqS7zEW8SXe,https://drive.google.com/file/d/1lBv5OoKLd0OF54Rid4lH_KqS7zEW8SXe/view?usp=drivesdk,Facturas 1ertrimestre 26,NUEVO VH SL.  Factura 0165-26.pdf,application/pdf,2026-04-20T09:27:50Z,MANTENIMIENTOS SANCHEZ YUSTE 2021 S.L.,B06906341,0165/26,2026-03-31,20059.0,4212.39,24271.39,otros,"Instalación de climatización: factura del 50% del presupuesto 0035/26 para instalación de dos equipos de aire acondicionado con conductos, un recuperador térmico y una caja extractora en la sala de Av. Juan Melgarejo 10, local 21, El Puerto de Santa María",0,procesada,2026-07-29,"Proveedor de frío industrial y aire acondicionado (venta y reparación de maquinaria de hostelería). Cliente: NUEVO VH SL (CIF B22859946). IVA al 21%. Es equipamiento/obra, no consumo, por lo que no se extraen líneas de producto. PDF cacheado en /Users/luismdecarvajal/Desktop/dingui_kpis/data/facturas/cache/1lBv5OoKLd0OF54Rid4lH_KqS7zEW8SXe.pdf"
1yg-rePkYWSnah9aVZxG0q4Re-t1FaZ6T,https://drive.google.com/file/d/1yg-rePkYWSnah9aVZxG0q4Re-t1FaZ6T/view?usp=drivesdk,Facturas 1ertrimestre 26,Factura 26_NFD_010028.PDF.PDF,application/pdf,2026-04-07T07:43:18Z,"NARBONA SOLIS, S.L.",B29653417,26/NFD/010028,2026-04-01,32.4,3.24,35.64,comida+bebida,"Conservas y salsas Espinaler (navajas, caracoles, hígado de bacalao, almejón, piparras, salsas botellín) + 1 vermut Espinaler 50cl de obsequio",9,procesada,2026-07-29,"Cliente NUEVO VH S.L. (NIF B22859946). Pago contado con tarjeta, vencimiento 01/04/26. IVA único al 10% sobre toda la base. Dos líneas sin cargo (obsequio 'AUT. RAFA ESPINALER'): salsa botellín 92ml y vermut vintage 50cl, con importe 0,00 aunque figuran con precio de tarifa. Los importes de línea son netos sin IVA y suman exactamente la base (32,40 €)."
1ja9aqfm722PapX2DnHWqZAxzA1_0F2Bs,https://drive.google.com/file/d/1ja9aqfm722PapX2DnHWqZAxzA1_0F2Bs/view?usp=drivesdk,Facturas 1ertrimestre 26,35-Nuevo VH SL.pdf,application/pdf,2026-04-07T07:43:02Z,REALMIVO S.L.,B-09.664.194,35/26,2026-04-01,1898.36,398.66,2297.02,otros,"Alquiler local comercial nº 21 CC Vistahermosa (abril, 1.700,00 EUR) + cuota ordinaria comunidad de propietarios de marzo 2026 (198,36 EUR)",0,procesada,2026-07-29,"Factura de arrendamiento para uso distinto de vivienda; el nombre del archivo alude al arrendatario NUEVO VH S.L., el emisor real es REALMIVO S.L. IVA 21%. Pago por transferencia a ES5700497343712510009481."
1E9b01RndH9cVJnrpv5zyW1c5LFWIOQnl,https://drive.google.com/file/d/1E9b01RndH9cVJnrpv5zyW1c5LFWIOQnl/view?usp=drivesdk,Facturas 1ertrimestre 26,ES26FC02122683.pdf,application/pdf,2026-04-09T08:59:11Z,AUCTANE S.L.U,ESB83357863,ES26FC02122683,2026-04-08,10.09,2.12,12.21,otros,"Servicio de mensajería Zeleris - Día siguiente (1 envío, ref ES2026COM0000151197)",0,procesada,2026-07-29,"Factura de servicios de envío (Auctane/ShipStation, transportista Zeleris). IVA 21%. Sin líneas de comida/bebida."
1Pf19grJlgKJHfIJ9uyTiQto2wqxmUX34,https://drive.google.com/file/d/1Pf19grJlgKJHfIJ9uyTiQto2wqxmUX34/view?usp=drivesdk,Facturas Julio 2026,Comida - Plato al Centro 02.07.2026,image/jpeg,2026-07-02T14:05:00.029Z,"Hostelera Plato al Centro, S.L.U.",B-72383417,075449,2026-07-02,33.82,3.38,37.2,comida+bebida,"Comida de restaurante (ensaladilla, pan y picos, dobladillo, pollo al curry, gunkan) y bebidas (Coca-Cola Zero, agua Lanjarón, cañón de cerveza, cafés)",10,procesada,2026-07-29,"Factura simplificada de restaurante. Precios de línea con IVA incluido (tipo 10%): los importe_eur de las líneas incluyen IVA. Cliente: NUEVO VH S.L. (B-22859946), Avda. Juan Melgarejo 10, El Puerto de Santa María. Pagada con Visa débito 37,20 EUR (TPV Bankinter, 02/07/26 16:00). 2 comensales (18,60 EUR por comensal). | VERIFICACION: La suma de importe_eur (37,20) no cuadra con la base imponible 33,82 (diferencia 3,38 > 1€): el ticket imprime precios 'iva incluido' y la extracción copió los importes brutos; la suma coincide con el TOTAL (37,20), no con la base. No faltan líneas de producto — la discrepancia es exactamente la cuota de IVA (3,38).; Nota menor (no bloqueante para los checks 2-4): el formato 'botella' de COCA COLA ZERO es una suposición, el ticket no indica formato. Tipos de bebida, marcas (Coca-Cola, Lanjarón) y formato barril del CAÑON son correctos."
1_jRGRf0Yq_RsDDmwyJECWRmrlMuMMqjp,https://drive.google.com/file/d/1_jRGRf0Yq_RsDDmwyJECWRmrlMuMMqjp/view?usp=drivesdk,Facturas Julio 2026,Ferretería,image/jpeg,2026-07-03T18:04:08.651Z,Aqualar Piscinas (Ana María Sánchez Ruiz),48885745G,26000852 / 1,2026-07-03,6.1,1.28,7.38,otros,"Material eléctrico de ferretería: clavija de fuerza (1,55 EUR) y cable con interruptor blanco (4,55 EUR)",0,procesada,2026-07-29,"Archivo en Drive titulado 'Ferretería' pero el emisor es Aqualar Piscinas (tienda de piscinas, NIF de autónoma 48885745G). Cliente: NUEVO VH, CIF B22859946, Avda. Juan Melgarejo 10, El Puerto de Santa María (Cádiz). Albarán nº 26000891 de 03/07/2026. IVA 21%. Forma de pago: tarjeta, vencimiento 03/07/2026. Guardada en data/facturas/cache/1_jRGRf0Yq_RsDDmwyJECWRmrlMuMMqjp.jpg"
1IJvCk7Y7psHxuUWHPYKfzXSS8KyLXOMM,https://drive.google.com/file/d/1IJvCk7Y7psHxuUWHPYKfzXSS8KyLXOMM/view?usp=drivesdk,Facturas Julio 2026,Ferretería,image/jpeg,2026-07-03T18:35:25.604Z,Lumisur Puerto S.C.,J72055684,02601/004955,2026-07-03,24.32,5.11,29.43,otros,"Material eléctrico: base superficie 4 schuko + 2 USB, 5 lámparas LED 15W E-27, ecotasa RAEE lámparas, regleta conexión 6mm2",0,procesada,2026-07-29,"Archivo llamado 'Ferretería' pero el proveedor es Lumisur Puerto S.C. (suministros eléctricos/iluminación). Factura 02601/004955 sobre albarán 2601-003931 de 03/07/2026, pagada con tarjeta (marcada 'Cobrada'). IVA 21% sobre base 24,32. Adjunto tique de datáfono Bankinter por 29,40 EUR, 0,03 EUR menos que el total de la factura (29,43). NIF del cliente NUEVO VH SL: B22859946."
1PAL9DMqGkWxLVOGdloA9xo6bkmI9B1KO,https://drive.google.com/file/d/1PAL9DMqGkWxLVOGdloA9xo6bkmI9B1KO/view?usp=drivesdk,Facturas Julio 2026,0_0(018)0205_(2026)020622.pdf,application/pdf,2026-07-06T17:48:55Z,"Makro Distribucion Mayorista, S.A.",A28647451,0/0(018)0205/(2026)020622,2026-07-04,228.76,44.84,273.6,comida,"Compra en Makro Puerto de Santa Maria: fruta y salsas (naranja, limon, tomate rallado, mostaza y miel) + menaje y desechables (servilletas, guantes, bolsas, platos, ceniceros, cucharas, bandejas). Sin bebidas.",14,procesada,2026-07-29,"Importes de linea sin IVA (la factura desglosa: base 15,53 al 10%, 204,49 al 21%, 8,74 al 4%). Incluye 2 descuentos 'COMPRA MAS PAGA MENOS' (-4,92 y -8,00, IVA 21%) aplicados a las lineas de bandejas (ref 79104 y 80448), incluidos como lineas negativas para que la suma cuadre con la base. Pagado con tarjeta Visa debit (aut. 287384). Paginas 2-3 son copias del recibo del TPV. | VERIFICACION: Marca incorrecta en línea 'MOSTAZA Y MIEL SSA ASTURIA 1KG': la extracción pone 'Asturiana', pero el EAN 8436536835403 corresponde a la marca 'Salsas Asturianas' (producto 'Salsas Asturianas salsa de mostaza y miel pet 1kg' en tienda.makro.es). 'Asturiana' a secas es confundible con Central Lechera Asturiana, empresa distinta."
1Y-A7f-NOZkZqcdlBAwtD1F_IN2W2LhMa,https://drive.google.com/file/d/1Y-A7f-NOZkZqcdlBAwtD1F_IN2W2LhMa/view?usp=drivesdk,Facturas Julio 2026,0_0(018)0203_(2026)014875.pdf,application/pdf,2026-07-06T17:48:56Z,"Makro Distribución Mayorista, S.A.",A28647451,0/0(018)0203/(2026)014875,2026-07-04,34.56,7.26,41.82,otros,Vasos de sidra 50cl x12 (4 cajas) - menaje/equipamiento,0,procesada,2026-07-29,"Única línea: VASO SIDRA TS MPRO 50CL X12, 4 cajas a 9,49 EUR (bruto 37,96), descuento 'Compra más paga menos' -3,40 EUR, base 34,56 EUR + 21% IVA. Pagado con tarjeta Visa DEBIT (AUT 613249). Sin comida ni bebida, por eso categoría 'otros' y sin líneas."
1u60EHur4enxPPXae00Ap4Y-XmP9EOIxE,https://drive.google.com/file/d/1u60EHur4enxPPXae00Ap4Y-XmP9EOIxE/view?usp=drivesdk,Facturas Julio 2026,Compra cubos.jpeg,image/jpeg,2026-07-06T17:57:14.438Z,Bazar Chino,X4096752S,51345,2026-07-06,41.32,8.68,50.0,otros,"2 cubos (menaje/equipamiento) a 25,00 EUR/ud",0,procesada,2026-07-29,"Factura simplificada (ticket) del Bazar Chino, Av. Juan Melgarejo SN, El Puerto de Santa Maria (11500 Cadiz). Cliente: NUEVO VH SL, CIF B22859946. Pagada con Visa. IVA 21% desglosado (base 41,32 + IVA 8,68 = 50,00). Categoria 'otros' (equipamiento/menaje), por lo que no se extraen lineas de consumo."
1SVr4Dqz747aVCjbiQ_WGtD46Ijtpg5Cw,https://drive.google.com/file/d/1SVr4Dqz747aVCjbiQ_WGtD46Ijtpg5Cw/view?usp=drivesdk,Facturas Julio 2026,0_0(018)0203_(2026)014943.pdf,application/pdf,2026-07-06T17:49:06Z,"Makro Distribución Mayorista, S.A.",A28647451,0/0(018)0203/(2026)014943,2026-07-06,24.0,5.04,29.04,otros,"Cubeta de manutención blanca 25L (1 ud, caja)",0,procesada,2026-07-29,"Compra en tienda Makro Puerto de Santa María pagada con tarjeta (Visa DEBIT, 29,04 EUR). Única línea: CUBETA MANUTENCION BCA 25L, 1 ud a 24,00 EUR sin IVA, IVA 21%. Es equipamiento/menaje, sin productos de comida ni bebida, por eso categoría 'otros' y sin líneas de consumo."
13vJ1FdSWyE0QVolMn1e2IRHUSX3RWDE4,https://drive.google.com/file/d/13vJ1FdSWyE0QVolMn1e2IRHUSX3RWDE4/view?usp=drivesdk,Facturas Julio 2026,FACT20221_26A.pdf,application/pdf,2026-07-06T08:50:16Z,Miguel Merino Distribuciones SL,B11361557,20221/26A,2026-07-06,308.9,64.87,373.77,bebida,"2 botellas de tequila Clase Azul Reposado 0,7L",1,procesada,2026-07-29,"Cliente: NUEVO VH SL (DINGUI), NIF B22859946, Av. Juan Melgarejo 10, El Puerto de Santa María. Referencia albarán 33432/26A (02/07/26), pto. venta 807049-DINGUI. Vencimiento 05/08/2026, pago por transferencia (ES04 2100 2151 4813 0005 1540). El nombre del proveedor no figura en la capa de texto del PDF (logo vectorial); identificado por NIF B11361557 = Miguel Merino Distribuciones SL (mayorista de bebidas, El Puerto de Santa María). Importes de línea sin IVA (la factura desglosa base e IVA 21%)."
1BG4aomnDu4RWLC5C1RhAOBZZ5zsus-O9,https://drive.google.com/file/d/1BG4aomnDu4RWLC5C1RhAOBZZ5zsus-O9/view?usp=drivesdk,Facturas Julio 2026,FACT950_26N.pdf,application/pdf,2026-07-06T08:50:18Z,"Miguel Merino Distribuciones, S.L.",B11361557,950/26N,2026-07-06,-193.7,-40.68,-234.38,bebida,"Abono de 2 botellas de tequila Clase Azul Plata 0,7L",1,procesada,2026-07-29,"Factura de ABONO (importes negativos): devolucion de 2 botellas segun albaran 33431/26A de 02/07/26, pto. venta 807049-DINGUI. Cliente NUEVO VH SL (NIF B22859946). Importes de linea sin IVA; IVA 21% desglosado. Comercial: Manuel Barba Guerra. Vencimiento 05/08/2026, pago por transferencia."
1ky-Z0MnGTfvs8HADIpAeOYCiQpsD3L-r,https://drive.google.com/file/d/1ky-Z0MnGTfvs8HADIpAeOYCiQpsD3L-r/view?usp=drivesdk,Facturas Julio 2026,Leroy Merlin 07.07.2026,image/jpeg,2026-07-07T20:02:02.443Z,Leroy Merlin SLU,B84818442,015-0007-331687,2026-07-07,84.03,17.65,101.68,otros,"Material de bricolaje y menaje: casquillo E-27, escobillero, cubo 25L, cajas de plástico, colgador de escoba, caja Bambox reciclaje 24L, bombilla LED E27",0,procesada,2026-07-29,"Imagen incluye ticket simplificado y factura completa del mismo pedido (mismo importe 101,68 EUR, IVA 21%, pago tarjeta). Factura emitida en Jerez el 07/07/2026 a NUEVO VH SL. Cache local: /Users/luismdecarvajal/Desktop/dingui_kpis/data/facturas/cache/1ky-Z0MnGTfvs8HADIpAeOYCiQpsD3L-r.jpg"
1DvihecLMfKRrR9WYJq7NJd3kGVc_Rm4Z,https://drive.google.com/file/d/1DvihecLMfKRrR9WYJq7NJd3kGVc_Rm4Z/view?usp=drivesdk,Facturas Julio 2026,0_0(018)0207_(2026)022128.pdf,application/pdf,2026-07-13T13:29:55Z,"Makro Distribución Mayorista, S.A.",A28647451,0/0(018)0207/(2026)022128,2026-07-07,230.03,22.72,252.75,comida,"Verduras y hortalizas frescas, conservas vegetales, aceitunas y encurtidos, salsas, aperitivos (patatas fritas, altramuces, snacks), AOVE, y consumibles de limpieza/menaje (bolsas de basura, papeleras)",34,procesada,2026-07-29,"Importes de linea sin IVA (verificado contra desglose: 159,72 al 10% + 23,13 al 21% + 47,18 al 4% = 230,03). Descuento 'Compra mas paga menos' de -0,66 EUR aplicado a las patatas fritas (incluido como linea propia). Pagada con tarjeta Visa débito el 07/07/2026. Sin bebidas. | VERIFICACION: La suma de importe_eur de las lineas extraidas es 182,38 EUR, no la base imponible 230,03 EUR: faltan 47,65 EUR (la extraccion esta incompleta/truncada tras MAYOWASABI RIOBA BIBERON 300ML).; Falta la linea MAYONESA YBARRA 1,8L CB: 1 ud x 8,89 = 8,89 EUR, IVA 10%.; Falta la linea PATATAS FRITAS MADRILEÑA 1KG CJ: 3 uds x 5,43 = 16,29 EUR, IVA 10% (precio con descuento aplicado 5,21).; Falta la linea B.BAS NEG ARO 85X105 100L 10U RT (bolsas basura marca Aro): 4 x 1,498 = 5,99 EUR, IVA 21%.; Falta la linea B.BAS ASEO BCA MPRO 10L 40UD (bolsas aseo Makro Professional): 1 x 2,35 = 2,35 EUR, IVA 21%.; Falta la linea BOLSA CAM REC 65X70 3UG200 BL: 1 x 0,89 = 0,89 EUR, IVA 21%.; Falta la linea PAPELERA T/BASCULANTE TH 9L UD: 2 x 6,95 = 13,90 EUR, IVA 21%.; Falta el descuento COMPRA MAS PAGA MENOS de -0,66 EUR (corresponde a 3 x 0,22 de las patatas fritas Madrileña); sin el, la suma no puede cuadrar con 230,03.; Toda la base de IVA 21% (23,13 EUR segun pagina 2 de la factura) esta ausente de la extraccion.; Marca dudosa (menor): 'Saladitos' en ALTRAMUCES SALADITOS BO 810GNE es probablemente descriptor del producto, no marca.; Las 27 lineas presentes si cuadran una a una en importes, unidades e IVA (4%: 47,18 exacto), y tipo_bebida vacio es correcto porque la factura no contiene ninguna bebida; la comprobacion de formatos de cerveza no aplica (no hay cervezas)."
1qnBvM2fxHlk4DrZwe0FLkQky1VsdlJX6,https://drive.google.com/file/d/1qnBvM2fxHlk4DrZwe0FLkQky1VsdlJX6/view?usp=drivesdk,Facturas Julio 2026,2026 DINGUI.pdf,application/pdf,2026-07-14T11:14:11Z,Melgarejo Distribuidores de Bebidas S.L.,B72341647,N3328,2026-07-07,796.12,167.19,963.31,bebida,"Barril Cruzcampo 50L, refrescos retornables 200ml (Seven Up Free, Pepsi Max, Pepsi Regular, Schweppes Tonica/Naranja/Limon) y fianzas de barril y cajas retornables",15,procesada,2026-07-29,"Factura semanal, cliente 6445, albaran J-125051 del 01/07/2026. Importes de linea sin IVA y con descuento ya aplicado (dtos. 30-40% en refrescos); precio_unitario_eur es el precio de tarifa antes de descuento. Lineas negativas = devolucion de fianzas de envases. Suma de lineas cuadra con base imponible 796,12; IVA 21% = 167,19; total 963,31."
1uuTG4lXwP-Yu8b6PsD8uCxVLD-wHLB3O,https://drive.google.com/file/d/1uuTG4lXwP-Yu8b6PsD8uCxVLD-wHLB3O/view?usp=drivesdk,Facturas Julio 2026,Factura_OM7VAGJ001XXXX.pdf,application/pdf,2026-07-13T11:03:15Z,"O2 (Telefónica de España, S.A.U.)",A-82018474,OM7VAGJ001****,2026-07-07,9.12,1.91,11.03,otros,"Fibra 1Gb y móvil 120GB, periodo de facturación 18 may - 17 jun; cuotas mensuales 9,12 EUR, consumos 0,00 EUR",0,procesada,2026-07-29,"Factura de telecomunicaciones (fibra+móvil), no de comida/bebida. El número de factura aparece parcialmente enmascarado en el PDF (OM7VAGJ001****); coincide con el nombre de archivo Factura_OM7VAGJ001XXXX.pdf. Titular: nuevo vh s* (CIF parcial B2***9946), El Puerto de Santa María. IVA 21% sobre base 9,12 EUR. Cargo domiciliado en CaixaBank. PDF cacheado en /Users/luismdecarvajal/Desktop/dingui_kpis/data/facturas/cache/1uuTG4lXwP-Yu8b6PsD8uCxVLD-wHLB3O.pdf"
1a6hI8mjWYjaJ3jyupfxGY5GafxXesXyR,https://drive.google.com/file/d/1a6hI8mjWYjaJ3jyupfxGY5GafxXesXyR/view?usp=drivesdk,Facturas Julio 2026,Borja fregadero.pdf,application/pdf,2026-07-10T10:51:44Z,Innovación y Diseño para Hostelería S.L. (ID Hostelería),B22589188,,2026-07-08,248.05,52.09,300.14,otros,"Fregadero semi-industrial con escurridor izquierdo (seno 360x400x150mm, bastidor, 800x500mm) 208,05 € + gasto de envío 40,00 €",0,no_factura,2026-07-29,"El documento es un ALBARÁN (nº 2600987, 08/07/26), no una factura. Emisor ID Hostelería (Dos Hermanas, Sevilla) a cliente Nuevo VH S.L. (CIF B22859946). Importes: base 248,05 €, IVA 21% = 52,09 €, total 300,14 €. Equipamiento (fregadero), categoría 'otros'; sin líneas de consumo."
1QlBrd7Z_eZ9Q1FOf3K_uuuPJLIyw2cun,https://drive.google.com/file/d/1QlBrd7Z_eZ9Q1FOf3K_uuuPJLIyw2cun/view?usp=drivesdk,Facturas Julio 2026,0_0(018)0207_(2026)022270.pdf,application/pdf,2026-07-13T13:29:55Z,"Makro Distribucion Mayorista, S.A.",A28647451,0/0(018)0207/(2026)022270,2026-07-08,449.64,84.46,534.1,comida,"Alimentación (pan de molde, mozzarella, pulled pork, zurrapa de lomo) y sobre todo menaje/equipamiento de sala-cocina (bowls, fuentes, bandejas, cubetas, cubertería, servilletas, cubo de basura)",22,procesada,2026-07-29,"Factura de compra en cash&carry Makro Puerto de Santa María, pagada con tarjeta Visa (534,10 EUR). Sin bebidas. Aprox. 74 EUR es comida y 383 EUR menaje/desechables al 21%. Importes de línea sin IVA (IVA desglosado por tipos: 4%, 10%, 21%). Incluye dos descuentos 'Compra más paga menos' (-1,32 sobre mozzarella al 4%; -6,00 sobre bandejas al 21%) reflejados como líneas negativas para cuadrar con la base imponible."
12koHuFmjpSj0RMVPXcgv795EAeSzc6uj,https://drive.google.com/file/d/12koHuFmjpSj0RMVPXcgv795EAeSzc6uj/view?usp=drivesdk,Facturas Julio 2026,278029101-000646-sanlccjavap0004-1.pdf,application/pdf,2026-07-10T10:51:49Z,Santander Factoring y Confirming S.A. EFC,A78287562,2026/02/00525986,2026-07-08,299.14,0.0,299.14,otros,Liquidación de comisiones/intereses de financiación (factoring/confirming),0,procesada,2026-07-29,"Factura de servicios financieros de Santander Factoring y Confirming a NUEVO VH SL (NIF cliente B22859946). Concepto único: LIQUID. COM./INT. DE FINANCIACION por 299,14 EUR. Base indicada como 'Sujeta y Exenta': operación financiera exenta de IVA, por eso IVA=0. No contiene comida ni bebida; lineas=[]. PDF guardado en /Users/luismdecarvajal/Desktop/dingui_kpis/data/facturas/cache/12koHuFmjpSj0RMVPXcgv795EAeSzc6uj.pdf"
1S1Yv_VC9vpPvv0RJxMCAwlBy7HiWK6gs,https://drive.google.com/file/d/1S1Yv_VC9vpPvv0RJxMCAwlBy7HiWK6gs/view?usp=drivesdk,Facturas Julio 2026,Compra chino platos,image/jpeg,2026-07-13T09:25:51.254Z,Bazar Chino,X4096752S,51798,2026-07-10,157.02,32.98,190.0,otros,Menaje/vajilla: 37 platos y 19 fuentes redondas,0,procesada,2026-07-29,"Factura simplificada de bazar con cliente identificado (NUEVO VH SL, CIF B22859946), El Puerto de Santa Maria. Pagada con Visa. Incluye una linea de abono/descuento de -8,40 EUR ('Articulo 8.4 Euros'). IVA 21% desglosado. Equipamiento (menaje), sin lineas de comida/bebida."
12iTEKHzQMQqRzMNFmb5wW4obOeAZAVxz,https://drive.google.com/file/d/12iTEKHzQMQqRzMNFmb5wW4obOeAZAVxz/view?usp=drivesdk,Facturas Julio 2026,Ferretería 10.07.2026,image/jpeg,2026-07-10T15:52:11.732Z,FESAMA C.B. (Ferretería Santa María),E-11483369,21/398,2026-07-10,6.21,1.3,7.51,otros,Adhesivo Ceys Total-Tech transparente 125 ml (material de ferretería),0,procesada,2026-07-29,"Factura matricial de ferretería a NUEVO VH S.L. (CIF cliente B22859946). Una sola línea: ref. 32380 Ceys Total-Tech Transp. 125 ml, 1 ud a 6,50 EUR con dto. 4,50% = 6,21 EUR base; IVA 21% (1,30 EUR); total 7,51 EUR. Albarán 21/398 de 10/07/2026. Sello del proveedor FESAMA C.B. Categoría 'otros' (no comida/bebida), por lo que no se desglosan líneas."
1DUFqPwJBeQWSnzDrGQq0CO1_f_aI4ejI,https://drive.google.com/file/d/1DUFqPwJBeQWSnzDrGQq0CO1_f_aI4ejI/view?usp=drivesdk,Facturas Julio 2026,Compra Leroy baldas madera,image/jpeg,2026-07-13T09:25:42.640Z,Leroy Merlin España S.L.U.,B84818442,015-0007-332981,2026-07-10,96.25,20.21,116.46,otros,3 tableros de roble Ostippo 244x59.7x1.6 cm (baldas) y adhesivo T-Rex Power 125 ml blanco; descuento club aplicado,0,procesada,2026-07-29,"Factura ORIGINAL emitida en tienda Jerez a NUEVO VH SL (NIF cliente B22859946). Pago con tarjeta bancaria 116,46 EUR. IVA 21% en todas las líneas. Material de bricolaje/equipamiento, sin líneas de comida o bebida."
1LLfVOz84rdHVzDf6gorXhBHwVGMPXdLZ,https://drive.google.com/file/d/1LLfVOz84rdHVzDf6gorXhBHwVGMPXdLZ/view?usp=drivesdk,Facturas Julio 2026,0_0(018)0211_(2026)001536.pdf,application/pdf,2026-07-13T13:30:00Z,"Makro Distribución Mayorista, S.A.",A28647451,0/0(018)0211/(2026)001536,2026-07-10,25.05,1.0,26.05,comida,Burrata Lafuente 125g x5 (3 uds) con descuento 'Compra más paga menos',1,procesada,2026-07-29,"Compra en tienda Makro Puerto de Santa María, pago con tarjeta Visa. Descuento 'COMPRA MÁS PAGA MENOS' de -2,70 EUR sobre importe bruto 27,75. IVA 4% (código 5). Cliente: Nuevo Vh Sl (Digui), NIF B22859946."
1VY9GskEaXSWQF7ZbwJCV_AWG0ZDCuZag,https://drive.google.com/file/d/1VY9GskEaXSWQF7ZbwJCV_AWG0ZDCuZag/view?usp=drivesdk,Facturas Julio 2026,FACT21203_26A.pdf,application/pdf,2026-07-10T10:49:56Z,"Miguel Merino Distribuciones, S.L.",B11361557,21203/26A,2026-07-10,1108.54,232.79,1341.33,bebida,"Destilados: ginebra (Beefeater, Seagram's), tequila Olmeca Reposado, whisky Macallan 12 Double Cask y ron Zacapa 23",5,procesada,2026-07-29,"Distribuidor Grupo Merino (vinos y destilados). Cliente NUEVO VH SL / DINGUI (NIF cliente B22859946). Referencia albarán 35199/26A de 09/07/2026. Importes de línea sin IVA (suman la base imponible). Vencimiento 09/08/2026, pago por transferencia."
1Xj_4Hheb9JglPgyynEYiV7p1P-UnEDPd,https://drive.google.com/file/d/1Xj_4Hheb9JglPgyynEYiV7p1P-UnEDPd/view?usp=drivesdk,Facturas Julio 2026,Ferretería 2.   10.07.2026,image/jpeg,2026-07-10T16:20:30.766Z,"Suinbasa - Suministros Industriales Bahía, S.L.",B11042777,FAC/2026/002000,2026-07-10,170.74,35.85,206.59,otros,1 destornillador Irimo PH 1x100; 4 postes separadores negros con cinta extensible roja y base redonda,0,procesada,2026-07-29,"Ferretería/equipamiento (SUINBASA, mayorista de ferretería). Cliente NUEVO VH, S.L. (CIF ESB22859946). Importes de línea con descuentos aplicados (20% y 30%), IVA 21%. Origen pedido PEV/2026/077655, vencimiento 10/07/2026."
14FiJLMSbSWQE3dpYheVPSo_d7wpw8OoP,https://drive.google.com/file/d/14FiJLMSbSWQE3dpYheVPSo_d7wpw8OoP/view?usp=drivesdk,Facturas Julio 2026,0_0(018)0203_(2026)015573.pdf,application/pdf,2026-07-13T13:30:07Z,"Makro Distribución Mayorista, S.A.",A28647451,0/0(018)0203/(2026)015573,2026-07-11,180.41,24.69,205.1,comida,"Comida (pan, mantequilla, quesos, fiambres, gazpacho, tomate, encurtidos, salsa) y menaje/consumibles (cristalería, abrebotellas, pinzas de hielo, bolsas)",19,procesada,2026-07-29,"Compra en tienda Makro Puerto de Santa María (tienda 018, cliente 751219). Precios de línea sin IVA; IVA desglosado por grupos: 4% sobre 55,02 = 2,20; 10% sobre 34,91 = 3,49; 21% sobre 90,48 = 19,00. Suma de líneas cuadra con base 180,41. Pagada con tarjeta Visa DEBIT (aut. 174178, 11/07/2026). PDF guardado en /Users/luismdecarvajal/Desktop/dingui_kpis/data/facturas/cache/14FiJLMSbSWQE3dpYheVPSo_d7wpw8OoP.pdf"
10_UIBZPsWkQl_0J7CJo9Vq9-FVs06_E9,https://drive.google.com/file/d/10_UIBZPsWkQl_0J7CJo9Vq9-FVs06_E9/view?usp=drivesdk,Facturas Julio 2026,Bazar chino,image/jpeg,2026-07-13T19:03:24.337Z,Bazar Chino,X4096752S,52151,2026-07-13,6.28,1.32,7.6,otros,"Artículos de bazar/ferretería: artículo genérico 5,50 EUR, artículo genérico 0,75 EUR, brida, cuelga fácil",0,procesada,2026-07-29,"Factura simplificada (ticket) con datos del cliente NUEVO VH SL (CIF B22859946). IVA único 21%. Pagado con Visa (justificante TPV CaixaBank adjunto en la misma foto, 7,60 EUR, 13/07/2026 21:02). Sin comida ni bebida: no se extraen líneas de consumo."
1aIFfGiYKaKvz6noTse1iNGdXyyR2agYt,https://drive.google.com/file/d/1aIFfGiYKaKvz6noTse1iNGdXyyR2agYt/view?usp=drivesdk,Facturas Julio 2026,Carrefour - switch ethernet,image/jpeg,2026-07-13T13:50:09.996Z,Centros Comerciales Carrefour S.A. (El Paseo),A28425270,2026FBFN01447292,2026-07-13,14.04,2.95,16.99,otros,"Switch ethernet 5 puertos (SWITCH 5PUE SG105S), 1 ud, IVA 21%",0,procesada,2026-07-29,"Foto con ticket de caja y factura nominativa a NUEVO VH SL (CIF B22859946, C.P. 11500 Cadiz). Pago Visa Debit 16,99 EUR el 13/07/2026 15:48 en centro El Paseo. Equipamiento informatico, sin lineas de comida/bebida."
1rkfUZr1J0ToVH0xJapZlqNkC2PZTL6sX,https://drive.google.com/file/d/1rkfUZr1J0ToVH0xJapZlqNkC2PZTL6sX/view?usp=drivesdk,Facturas Julio 2026,Factura hielo,application/pdf,2026-07-13T08:51:14.452Z,Hielo Express Los Mellis,B72468267,SIMPLIFICADA/1353,2026-07-13,473.64,47.36,521.0,bebida,hielo,2,procesada,2026-07-29,"Factura simplificada de hielo (consumible de barra, lineas categorizadas como otros_consumo; asignada a 'bebida' por ser coste directo del servicio de bebidas). PDF escaneado sin capa de texto, leido por OCR visual. Los importes de linea impresos (5.00 y 4.00 EUR/ud; totales 25.00 y 496.00) incluyen IVA 10%; se reportan netos calculados (22.73 + 450.91 = 473.64 = base imponible). CIF cliente en factura: B22859946 (NUEVO VH S.L). Cuenta bancaria proveedor: ES52 0128 0734 7101 0007 7571."
1T7_1yYPY21Pc6Jy9ePpluujDIp6l581Q,https://drive.google.com/file/d/1T7_1yYPY21Pc6Jy9ePpluujDIp6l581Q/view?usp=drivesdk,Facturas Julio 2026,2026 DINGUIk.pdf,application/pdf,2026-07-14T11:15:12Z,MELGAREJO DISTRIBUIDORES DE BEBIDAS S.L,B72341647,N3371,2026-07-13,2859.7,576.3,3436.0,bebida,"Refrescos (Pepsi, Seven Up, Schweppes, Red Bull), agua (Evian, Aquarel), destilados (ron Barceló, ginebra Rives, whisky White Label), cerveza Cruzcampo en barril 50L, más cargos/abonos de cajas retornables y fianzas de barril",45,procesada,2026-07-29,"Factura semanal a cliente 6445 (DINGUI, NUEVO VH SL, CIF B22859946), 2 páginas, agrupa 5 albaranes: F-30987 (06/07), J-125464 (07/07), J-125466 (07/07), F-31094 (09/07), J-125649 (10/07). Los importes de línea son SIN IVA (netos tras descuento por línea); los totales por albarán incluyen IVA. IVA 21% general y 10% para aguas (base 10% = 220,38 = Evian+Aquarel). Varias líneas llevan %dto (precio_unitario x unidades no coincide con importe neto). Pequeños recargos tipo punto verde incluidos en el importe de algunas líneas (Aquarel: +0,12/caja; Red Bull: +0,04/caja). Líneas negativas = devolución de envases/fianzas. BOTELLERO EN PRESTAMO sin importe (cesión). Verificación: bases 2639,32 (21%) + 220,38 (10%) = 2859,70; cuotas 554,26 + 22,04 = 576,30; total 3436,00 cuadra con suma de albaranes. | VERIFICACION: EXTRACCION INCOMPLETA: el PDF (2 paginas) tiene 45 lineas y la extraccion se corta en la linea 'CAJA C/BOT SCHWEPPES 200 RET' (-25 uds, -130.00) del albaran J-125466. Faltan 18 lineas: el final del albaran J-125466 (FIANZA BARRIL 50L +1 = 12.02; CAJA PEPSI +5 = 24.00; CAJA SCHWEPPES +5 = 26.00), todo el albaran F-31094 del 09/07 (SCH LIMO x6 = 93.74; CAJA SCHWEPPES x6 = 31.20) y todo el albaran J-125649 del 10/07 en la pagina 2 (13 lineas: SEVEN FREE x5 = 81.48; PEPSI MAX x6 = 97.34; PEPSI REGULAR x10 = 162.24; SCH TONICA x10 = 223.44; SCH NARANJA x3 = 46.87; SCH LIMO x5 = 78.12; CAJA PEPSI -14 = -67.20; CAJA SCHWEPPES -12 = -62.40; FIANZA 1/3 CRUZCAMPO -3 = -11.10; CAJA SEVEN-UP -4 = -19.20; CAJA SEVEN-UP +5 = 24.00; CAJA PEPSI +16 = 76.80; CAJA SCHWEPPES +18 = 93.60).; La suma de importe_eur extraida es 1948.75 EUR (contando la linea truncada de -130.00) frente al importe bruto real de 2859.70 EUR (bases: 2639.32 al 21% + 220.38 al 10%): faltan exactamente 910.95 EUR, que corresponden a las 18 lineas omitidas.; Verificado OK en lo extraido: los 27 importes visibles coinciden linea a linea con la columna Total del PDF (descuentos incluidos), los tipo_bebida son correctos (tonica/naranja/limon Schweppes y Red Bull = refresco; ron Barcelo, ginebra Rives y whisky Dewar's White Label = alcohol; Evian/Aquarel = agua; Cruzcampo = cerveza), las marcas estan bien normalizadas, la unica cerveza (BARRIL CRUZCAMPO 50L) tiene formato barril correcto, y el desglose IVA 10% de las aguas suma exactamente los 220.38 de base del PDF.; Observacion menor (no bloqueante): la marca 'Cruzcampo' en las lineas FIANZA BARRIL 50 L es inferida, el PDF no la indica."
1GLrfJ18tTCHb-RorWxcoSI1TQjHZiO9q,https://drive.google.com/file/d/1GLrfJ18tTCHb-RorWxcoSI1TQjHZiO9q/view?usp=drivesdk,Facturas Julio 2026,FACT21369_26A.pdf,application/pdf,2026-07-15T18:25:26Z,"Miguel Merino Distribuciones, S.L.",B11361557,21369/26A,2026-07-13,579.9,121.78,701.68,bebida,"48x Ballantine's 0,7L + 2x Ballantine's 10 años 0,7L (whisky)",2,procesada,2026-07-29,"Factura de Grupo Merino (Vinos & Destilados) a NUEVO VH SL (NIF cliente B22859946), pto. venta 807049-DINGUI. Referencia albarán 35546/26A (10/07/26). IVA único 21%. Importes de línea sin IVA (columna Total S/IVA). Vencimiento 12/08/2026, pago por transferencia."
1vkf_Ejr_5cs00xfP7sJKSDtm2PsmExXE,https://drive.google.com/file/d/1vkf_Ejr_5cs00xfP7sJKSDtm2PsmExXE/view?usp=drivesdk,Facturas Julio 2026,Factura 2-IBARRA.pdf,application/pdf,2026-07-15T19:19:13Z,IGMA CERRAJEROS S.L.,B-72300197,000118,2026-07-14,720.0,151.2,871.2,otros,Construcción de mobiliario metálico con perfilería galvanizada (1 ud de 2.00x0.45x1.00 m y 1 ud de 2.00x0.60 m con tres baldas),0,procesada,2026-07-29,"Factura de equipamiento/mobiliario, no de comida ni bebida. Referencia de documento 31501.F, cliente NUEVO VH SL (NIF B22859946). IVA al 21%. Pago por transferencia bancaria, vencimiento 14/07/2026. PDF cacheado en /Users/luismdecarvajal/Desktop/dingui_kpis/data/facturas/cache/1vkf_Ejr_5cs00xfP7sJKSDtm2PsmExXE.pdf"
19kVO4bWTuWU1WnnCTjgsmAfh9XXUJqs9,https://drive.google.com/file/d/19kVO4bWTuWU1WnnCTjgsmAfh9XXUJqs9/view?usp=drivesdk,Facturas Julio 2026,Farmacia botiquín,image/heif,2026-07-15T01:42:33.568Z,"Farmacia Saralegui, C.B.",E11390457,A897686/2026,2026-07-15,24.78,2.43,27.21,otros,"Material de botiquín/primeros auxilios: Steri-Strip 38x6mm, tiritas classic tela, esparadrapo Omniplast, gasa estéril compresas Aposan, Cristalmina 10mg/ml 25ml, suero fisiológico Kern Pharma 30x5ml, alcohol 70º Aposan 250ml, agua oxigenada Aposan 250ml",0,procesada,2026-07-29,"Factura simplificada de farmacia a nombre de NUEVO VH S.L. (NIF B22859946). Desglose IVA: 10% base 14,73/cuota 1,47; 4% base 6,79/cuota 0,27; 21% base 3,26/cuota 0,69. Totales cuadran. Categoría 'otros' (suministros botiquín), sin líneas de consumo."
1tv9aUMSfPBgGmdM7ABLds6PiUrBisqDl,https://drive.google.com/file/d/1tv9aUMSfPBgGmdM7ABLds6PiUrBisqDl/view?usp=drivesdk,Facturas Julio 2026,Sonicolor - bola disco y cables,image/jpeg,2026-07-16T17:09:32.465Z,"Sonicolor Sevilla, S.L.",B-41405101,TV26016113,2026-07-16,262.99,55.23,318.22,otros,"Líquido de humo (8x5L), bola de espejos 50cm, motor bola de espejos, cable jack 3.5mm a 2 RCA, bombillas LED filamento E27 ámbar (5 uds), base de red 4 tomas",0,procesada,2026-07-29,"Factura de equipamiento/suministros técnicos para discoteca (efectos e iluminación), no consumo. Cliente NUEVO VH S.L. (NIF B22859946). IVA 21%. Forma de pago TCB 318,22 EUR."
12G3CEE8bjN9RixJpje6HxQktPsnrEtIg,https://drive.google.com/file/d/12G3CEE8bjN9RixJpje6HxQktPsnrEtIg/view?usp=drivesdk,Facturas Julio 2026,FACT22215_26A.pdf,application/pdf,2026-07-21T11:58:54Z,MIGUEL MERINO DISTRIBUCIONES SL,B11361557,22215/26A,2026-07-20,2563.72,538.38,3102.1,bebida,"Destilados (vodka, ginebra, tequila, whisky), champán Moët & Chandon Brut Impérial y Red Bull",8,procesada,2026-07-29,"El nombre del proveedor solo figura como logo vectorial en el PDF; identificado por NIF B11361557 (Registro Mercantil de Cádiz) como Miguel Merino Distribuciones SL, distribuidor de bebidas de El Puerto de Santa María. Cliente: NUEVO VH SL (NIF B22859946), pto. venta 807049-DINGUI. Corresponde al albarán 36945/26A de 19/07/2026, retirado por el cliente el domingo 19/07/26 (línea a 0,00 no incluida como producto). Importes de línea sin IVA (IVA 21% desglosado). Vencimiento 19/08/2026, pago por transferencia. Red Bull con descuento: precio bruto 36,79, dto 7,49 -> neto 29,30/pack; el importe 175,78 implica neto exacto 29,2967. Cache local: data/facturas/cache/12G3CEE8bjN9RixJpje6HxQktPsnrEtIg.pdf"
1hlZebkLpTfgbsPXLaWgMSAxgHxZz-5ML,https://drive.google.com/file/d/1hlZebkLpTfgbsPXLaWgMSAxgHxZz-5ML/view?usp=drivesdk,Facturas Julio 2026,FACT22218_26A.pdf,application/pdf,2026-07-21T11:58:53Z,"Miguel Merino Distribuciones, S.L.",B11361557,22218/26A,2026-07-20,977.4,205.25,1182.65,bebida,"Destilados: ron Havana Club, whisky Ballantine's, ginebras Seagram's y Beefeater, vodka Absolut (botellas 0,7L)",5,procesada,2026-07-29,"Factura de Grupo Merino (vinos y destilados) a NUEVO VH SL (pto. venta DINGUI, cód. 807049). Albarán 36919/26A de 17/07/26. Precios de línea sin IVA (columna Total S/IVA); IVA 21% desglosado al pie. Vencimiento 19/08/2026, pago por transferencia."
1WcueATB4iwqHEmAW6OgAtHG3wMUhZ6NH,https://drive.google.com/file/d/1WcueATB4iwqHEmAW6OgAtHG3wMUhZ6NH/view?usp=drivesdk,Facturas Julio 2026,Bazar 21.07.2026,image/jpeg,2026-07-21T20:06:05.409Z,BAZAR VINADOR S.L,B90293895,2026001994,2026-07-21,112.6,23.65,136.25,otros,"Menaje y equipamiento de cocina: organizador, escurreplatos, cortina, exprimidores, guantes de nitrilo, pinzas, tijeras, boles inox, pinza de hielo, placa acrilica de reservado, botella, colador (55 uds en 21 lineas)",0,procesada,2026-07-29,"Factura de bazar (imagen JPG legible, girada 90 grados). Cliente: NUEVO VH, CIF B22859946, Avda. Juan Mergarejo N10, El Puerto de Santa Maria. IVA unico 21% (base 112.603, IVA 23.647). Sin lineas de comida/bebida: todo utensilios/menaje, por eso categoria 'otros' y lineas vacias."
1oXvKGndtOlj7jhsxYhzsRR5iplATyo8O,https://drive.google.com/file/d/1oXvKGndtOlj7jhsxYhzsRR5iplATyo8O/view?usp=drivesdk,Facturas Julio 2026,Ferretería 21.07.2026,image/jpeg,2026-07-21T18:45:21.349Z,FCO PONCE MORA,44025548Y,187-2026,2026-07-21,14.17,2.98,17.15,otros,"Compra genérica de ferretería (línea única 'ferretería', sin detalle de artículos)",0,procesada,2026-07-29,"Factura manuscrita/plantilla de ferretería. NIF del proveedor es NIF personal (44025548Y), no CIF de sociedad. Cliente: Nuevo VH S.L. (B22859946). Única línea 'ferretería' 1 ud x 14,17 EUR, subtotal 14,17, IVA 21% = 2,98, total 17,15 EUR. Cuadre correcto. Foto legible aunque rotada 90 grados."
11ZoTYNY4ud-eSjsr9j8geke70qYGFRe_,https://drive.google.com/file/d/11ZoTYNY4ud-eSjsr9j8geke70qYGFRe_/view?usp=drivesdk,Facturas Julio 2026,FACT1036_26N.pdf,application/pdf,2026-07-21T11:57:44Z,Miguel Merino Distribuciones SL,B11361557,1036/26N,2026-07-21,-129.84,-27.27,-157.11,bebida,Abono por devolución de 6 botellas de tequila Olmeca Altos Reposado 70cl,1,procesada,2026-07-29,"Factura de abono (importes negativos): devolución de 6 uds de Olmeca Altos Reposado 0,7L por error de pedido ('RETIRAR. ERROR. EL QUIENTE QUERIA EL ECONOMICO', aut. A. Merino). Referencia albarán 37245/26A (21/07/26), punto de venta 807049-DINGUI. Cliente NUEVO VH SL (NIF B22859946). Vencimiento 20/08/2026, pago por transferencia. Importes de línea sin IVA; IVA 21% desglosado."
18dLtvoCjQOjFztvrEaVh7YH5keugm4Kw,https://drive.google.com/file/d/18dLtvoCjQOjFztvrEaVh7YH5keugm4Kw/view?usp=drivesdk,Facturas Julio 2026,FACT1024_26N.pdf,application/pdf,2026-07-21T11:56:56Z,"Miguel Merino Distribuciones, S.L.",B11361557,1024/26N,2026-07-21,-135.24,-28.4,-163.64,bebida,alcohol,2,procesada,2026-07-29,"Factura de abono/rectificativa (total negativo) sobre albaran 37246/26A (21/07/26): revierte 12 botellas de Olmeca Altos Reposado 0,7L a 21,64 EUR/ud y las refactura a 10,37 EUR/ud. Importes de linea sin IVA (columna Total S/IVA). Cliente NUEVO VH SL (B22859946), entrega DINGUI. Proveedor Grupo Merino (vinos y destilados)."
1SZuGG24DudRVSWBhfyhuHucTRyuzkatT,https://drive.google.com/file/d/1SZuGG24DudRVSWBhfyhuHucTRyuzkatT/view?usp=drivesdk,Facturas Julio 2026,FACT22366_26A.pdf,application/pdf,2026-07-21T11:57:43Z,"Miguel Merino Distribuciones, S.L.",B11361557,22366/26A,2026-07-21,2737.04,574.78,3311.82,bebida,"alcohol (destilados), refresco (energética)",6,procesada,2026-07-29,"Distribuidor de vinos y destilados (Grupo Merino). Cliente NUEVO VH SL (NIF B22859946), entrega en DINGUI, Av. Juan Melgarejo 10, El Pto. de Santa María. Albarán 37154/26A (21/07/26). Precios de línea sin IVA (IVA 21% desglosado). Vencimiento 20/08/2026, pago por transferencia. Red Bull con descuento de 7,49 EUR/bandeja (PVP 36,79 -> neto 29,30). Suma de líneas cuadra con base imponible."
1CwvTwaHR0lD9wx-vxIIU2Ou-y9-5M0yx,https://drive.google.com/file/d/1CwvTwaHR0lD9wx-vxIIU2Ou-y9-5M0yx/view?usp=drivesdk,Facturas Julio 2026,"Factura VTA_26-000359 - NUEVO VH, SL.pdf",application/pdf,2026-07-27T11:31:37Z,"VIENTO CREATIVO PRODUCCIONES, S.L.",B72342082,VTA/26-000359,2026-07-24,72.8,15.29,88.09,otros,"4 cartas de menú en metacrilato de 5 mm tamaño A4 con impresión y trasera efecto madera (4 ud x 18,20 EUR, IVA 21%)",0,procesada,2026-07-29,"Factura de imprenta/rotulación (equipamiento para el local), no consumo de comida/bebida. Cliente: NUEVO VH, SL (NIF B22859946). Forma de pago: transferencia (Banco Sabadell)."
1PqX4CkWx4VwG333L9Xrs77ZWoNPTT3VQ,https://drive.google.com/file/d/1PqX4CkWx4VwG333L9Xrs77ZWoNPTT3VQ/view?usp=drivesdk,Facturas Julio 2026,FACT22841_26A.pdf,application/pdf,2026-07-27T12:03:53Z,"Miguel Merino Distribuciones, S.L.",B11361557,22841/26A,2026-07-27,3824.79,803.21,4628.0,bebida,"Red Bull y destilados: whisky Ballantine's, rones Havana Club y Barceló, ginebras Beefeater, Seagram's y Puerto de Indias, vodka Absolut",9,procesada,2026-07-29,"Cliente NUEVO VH SL (NIF B22859946), entrega en DINGUI, Av. Juan Melgarejo 10, El Puerto de Santa María. Albarán 37738/26A (23/07/26). Importes de línea SIN IVA (columna Total S/IVA), IVA 21% desglosado en pie. Precios unitarios netos tras descuento por unidad. Unidades = botellas sueltas; el (6U)/(12U) de la descripción indica el embalaje. Última línea: 3 botellas gratis de Puerto de Indias a 0,00 EUR. Vencimiento 26/08/2026, pago por transferencia."
13nwrvQC__L9yk03a-AJE77Sf_9uJeHYW,https://drive.google.com/file/d/13nwrvQC__L9yk03a-AJE77Sf_9uJeHYW/view?usp=drivesdk,Facturas Julio 2026,FACT23066_26A.pdf,application/pdf,2026-07-27T12:04:11Z,"Miguel Merino Distribuciones, S.L.",B11361557,23066/26A,2026-07-27,543.0,114.03,657.03,bebida,"12 botellas Moët & Chandon Brut Impérial Ice 75cl; 5 botellas Bold Crew Whisky 70cl a 0,00 EUR (promoción)",2,procesada,2026-07-29,"Distribuidor de vinos y destilados (Grupo Merino). Importes de línea sin IVA (IVA 21% desglosado). Referencia albarán 38039/26A (24/07/26), punto de venta 807049-DINGUI. Línea de whisky facturada a 0,00 EUR: unidades gratuitas/promocionales. Vencimiento 26/08/2026, pago por transferencia."
1XZAAWA1CAs64ao6kv3Tnq7LZZ664E27E,https://drive.google.com/file/d/1XZAAWA1CAs64ao6kv3Tnq7LZZ664E27E/view?usp=drivesdk,Facturas Julio 2026,WhatsApp Image 2026-07-28 at 13.24.45.jpeg,image/jpeg,2026-07-28T11:30:26Z,Aqualar Piscinas (Ana María Sánchez Ruiz),48885745G,26000994/1,2026-07-28,8.51,1.79,10.3,otros,Broca porcelánico Nº8 (material ferretería/mantenimiento),0,procesada,2026-07-29,"Factura de tienda de piscinas/ferretería a NUEVO VH (CIF cliente B22859946, Avda. Juan Melgarejo 10, El Puerto de Santa María). Una sola línea: BROCA PORCELANICO Nº8, 1 ud x 8,5124 EUR = 8,51 EUR + 21% IVA (1,79) = 10,30 EUR. Pago con tarjeta, vencimiento 28/07/2026. Categoría 'otros' (equipamiento/mantenimiento), sin líneas de consumo."
1TGRkSvnNzgLuVV3r_hsVpgJDFZY2FO8n,https://drive.google.com/file/d/1TGRkSvnNzgLuVV3r_hsVpgJDFZY2FO8n/view?usp=drivesdk,Facturas Julio 2026,Ferretería 28.07.2026,image/jpeg,2026-07-28T17:30:33.132Z,"Suinbasa - Suministros Industriales Bahía, S.L.",B11042777,FAC/2026/002211,2026-07-28,10.03,2.11,12.14,otros,"Material de ferretería: 2x pintura spray RAL9005 negro satinado 400ml (8,57 EUR con dto. 15%) y 1x cinta aislante PVC 25x25 negra (1,46 EUR), todo al 21% IVA",0,procesada,2026-07-29,"CIF del proveedor tomado del pie de la factura (C.F.I. B-11042777, Registro Mercantil de Cádiz); el CIF que figura en el recuadro del cliente es ESB22859946 (NUEVO VH, S.L.). La foto incluye además el recibo de pago con tarjeta BBVA (VENTA Visa DEBIT, 28.07.26, 19:29) por 12,14 EUR, que cuadra con el total. Origen del pedido: PEV/2026/080556, código cliente 11650."
10fIU-Kg0C12MgGQBZsiqOTH8CXqgFSpc,https://drive.google.com/file/d/10fIU-Kg0C12MgGQBZsiqOTH8CXqgFSpc/view?usp=drivesdk,Facturas abril26,FACTURA DISCOTECA OB113.pdf,application/pdf,2026-04-28T10:13:56Z,"BS AISLAMIENTOS E INSTALACIONES, S.L.",B72301286,OB-113/2026,2026-04-15,37850.0,7948.5,45798.5,otros,"Trabajos de insonorización de la discoteca (obra: DISCOTECA EL PUERTO DE SANTA MARIA): techo acústico 216 m2, trasdosado 83 m2, subida de material, ventana, tabica 20 ml",0,procesada,2026-07-29,"Factura de obra/servicios (insonorización), no de comida ni bebida; cliente NUEVO VH, S.L. (CIF B22859946); referencia albarán OB-796 de 15/04/2026; IVA 21%; pago por transferencia bancaria (Bankinter). PDF cacheado en /Users/luismdecarvajal/Desktop/dingui_kpis/data/facturas/cache/10fIU-Kg0C12MgGQBZsiqOTH8CXqgFSpc.pdf"
1xpiqKCYB5nPwFAh9nX2bdkdfYTlLtPkE,https://drive.google.com/file/d/1xpiqKCYB5nPwFAh9nX2bdkdfYTlLtPkE/view?usp=drivesdk,Facturas abril26,FACTURA 14 . CERT 02 DINGUI.pdf,application/pdf,2026-04-29T11:14:19Z,LORENTE Y MILLAN CONSTRUCCIONES S.L.,B11948098,000014,2026-04-27,30160.46,6333.7,36494.16,otros,"2ª certificación de obra: albañilería, saneamiento y fontanería, electricidad, revestimientos, carpinterías, pinturas, seguridad y salud, gestión de residuos, extras (tarima DJ y zona VIP), rampa y vestíbulo acústico, revestimiento acústico perimetral",0,procesada,2026-07-29,"Factura de construcción/reforma del local (cliente NUEVO VH S.L., CIF B22859946). Suma de capítulos 75.561,60 EUR menos provisión de fondos del 04-03-2026 de 45.401,14 EUR = base 30.160,46 EUR; IVA 21% = 6.333,70 EUR. Forma de pago: transferencia a ES1000490606152712251832. PDF de 6 páginas, texto extraído íntegro."
1krGqhaA-1eIvzw-QFYIDnhbH8IIW5OID,https://drive.google.com/file/d/1krGqhaA-1eIvzw-QFYIDnhbH8IIW5OID/view?usp=drivesdk,Facturas abril26,Factura dingui .pdf,application/pdf,2026-04-28T10:11:06Z,OTHERVIEW - José J. Díaz García,49563888S,003/26,2026-04-27,300.0,63.0,342.0,otros,"Sesión dingui (servicio de sesión/actuación, 1 ud a 300,00 EUR)",0,procesada,2026-07-29,"Factura de servicios de autónomo con retención IRPF 7% (-21,00 EUR): total = 300,00 base + 63,00 IVA - 21,00 IRPF = 342,00 EUR. Pago por transferencia a IBAN ES06 0182 5332 1402 0828 7736 (BBVA), titular José Javier Díaz García."
1DN9NqT0GK8U1ylJ9p5RvLUDpY-4wQa8-,https://drive.google.com/file/d/1DN9NqT0GK8U1ylJ9p5RvLUDpY-4wQa8-/view?usp=drivesdk,Facturas abril26,R_Carta_Contestacion_CTE_0001176170_29042026_120237.pdf,application/pdf,2026-04-30T08:41:21Z,EDISTRIBUCIÓN Redes Digitales S.L. Unipersonal,B82846817,,2026-04-29,931.28,195.57,1126.85,otros,"Carta de condiciones técnico-económicas (presupuesto) de EDISTRIBUCIÓN para ampliación de potencia eléctrica a 57 kW en C.C. Vistahermosa, El Puerto de Santa María, a nombre de NUEVO VISTAHERMOSA S.L. Ref. solicitud 0001176170. Incluye condicionado técnico de conexión y croquis.",0,no_factura,2026-07-29,"No es factura: es un presupuesto/carta de contestación (Ref. solicitud 0001176170) que indica que la factura se emitirá tras el pago. Importes informativos del presupuesto: cuota de extensión 53,6 kW x 17,374714 €/kW = 931,28 € + IVA 21% (195,57 €) = 1.126,85 €. Vigencia de las condiciones: 6 meses. Destinatario de la carta: Daniel Pérez Lorenzo; facturación prevista a NUEVO VISTAHERMOSA, S.L."
1A0XYy-lqACNC8Z-MOuoKMqj8XWpdYlr2,https://drive.google.com/file/d/1A0XYy-lqACNC8Z-MOuoKMqj8XWpdYlr2/view?usp=drivesdk,Facturas abril26,NUEVO VH SL.  Factura 0216-26.pdf,application/pdf,2026-04-30T13:39:54Z,MANTENIMIENTOS SANCHEZ YUSTE 2021 S.L.,B06906341,0216/26,2026-04-30,737.8,154.94,892.74,otros,"Instalación de silenciador (500 diámetro x 1200L) en conducto de ventilación de la discoteca, según presupuesto 0062/26; mano de obra y disponibilidad incluida",0,procesada,2026-07-29,"Proveedor de mantenimiento técnico (frío industrial, aire acondicionado y maquinaria de hostelería). El archivo lleva el nombre del cliente (NUEVO VH SL, CIF B22859946), pero el emisor real es Mantenimientos Sánchez Yuste 2021 S.L. IVA 21%. Vencimiento 30/04/2026. Guardada en data/facturas/cache/1A0XYy-lqACNC8Z-MOuoKMqj8XWpdYlr2.pdf"
1mPoxdG8UQwntnMZB5o--syaVFDZ3PPWV,https://drive.google.com/file/d/1mPoxdG8UQwntnMZB5o--syaVFDZ3PPWV/view?usp=drivesdk,Facturas abril26,NUEVO VH SL.  Factura 0215-26.pdf,application/pdf,2026-04-30T13:40:07Z,MANTENIMIENTOS SANCHEZ YUSTE 2021 S.L.,B06906341,0215/26,2026-04-30,20059.0,4212.39,24271.39,otros,"Instalación de climatización: 2 equipos de aire acondicionado por conductos MUNDOCLIMA MUCHR-96-H14T, recuperador térmico MUNDOCLIMA mureco 6000 EC-H, extractor SODECA SVE/PLUS/EW-100/H, difusores, rejillas, conductos de fibra, grúa y mano de obra",0,procesada,2026-07-29,"Factura del 50% del presupuesto 0035/26 para instalación en sala de Av. Juan Melgarejo 10, local 21, El Puerto de Santa María. Cliente: NUEVO VH SL (CIF B22859946). IVA 21%. Vencimiento 30/04/2026. Archivo cacheado en data/facturas/cache/1mPoxdG8UQwntnMZB5o--syaVFDZ3PPWV.pdf"
1LvyetK8gB3LE_WCdJqVeLhIuCDdnbkyZ,https://drive.google.com/file/d/1LvyetK8gB3LE_WCdJqVeLhIuCDdnbkyZ/view?usp=drivesdk,Facturas abril26,"Factura VTA_26-000181 - NUEVO VH, SL.pdf",application/pdf,2026-04-30T08:02:35Z,"VIENTO CREATIVO PRODUCCIONES, S.L.",B72342082,VTA/26-000181,2026-04-30,9000.0,1890.0,10890.0,otros,Pago a cuenta de presupuesto VTA/26-000154 por acopio de material (productora de eventos/creativa),0,procesada,2026-07-29,"Factura al 21% IVA con una unica linea: 'Pago a cuenta de presupuesto VTA/26-000154 por acopio de material', 1 ud x 9.000,00 EUR. Cliente: NUEVO VH, SL (CIF B22859946). Pago por transferencia a Banco Sabadell ES02 0081 7412 9900 0150 3155. Proveedor de servicios/produccion (vientocreativo.com), no suministro de comida/bebida."
1oM1M_8gbRNVkURSspKcpf0XPNSJO5h4I,https://drive.google.com/file/d/1oM1M_8gbRNVkURSspKcpf0XPNSJO5h4I/view?usp=drivesdk,Facturas junio26,Picking3.jpeg,image/jpeg,2026-06-30T07:47:15.821Z,"PICKING GADES, S.L.",B05357132,,2026-06-01,651.2,65.12,716.32,comida,"Postres en lata Tragus (queso frambuesa, limoncello, dos chocolates, tocino de cielo), carpaccio de vaca ultracongelado, pastrami loncheado congelado La Finca",0,no_factura,2026-07-29,"El documento es un ALBARÁN (nº 2026001971), no una factura: el encabezado indica 'ALBARÁN Nº' y el NIF del cliente está vacío. Cliente: Nuevo VH S.L. / Dingui Club, Avda. Juan Melgarejo 10, El Puerto de Santa María. Incluye totales (base 651,20 + IVA 10% 65,12 = 716,32 EUR, transferencia +30 días) y etiqueta logística Narval de entrega 02/06/26. Habría que localizar la factura correspondiente del proveedor que agrupe este albarán."
1Dq5tgk_590Y_YAWkvtEkK9rRZutUoYBR,https://drive.google.com/file/d/1Dq5tgk_590Y_YAWkvtEkK9rRZutUoYBR/view?usp=drivesdk,Facturas junio26,Borja tostador+grill.pdf,application/pdf,2026-06-02T16:04:49Z,Innovación y Diseño para Hostelería S.L. (ID Hostelería),B22589188,2600804,2026-06-02,478.79,100.55,579.34,otros,"Equipamiento de cocina: tostador doble de cuarzo (178,00 EUR) y grill eléctrico doble de acero inoxidable (300,79 EUR)",0,no_factura,2026-07-29,"El documento es un ALBARÁN (nº 2600804, fecha 02/06/26), no una factura. Emisor: Innovación y Diseño para Hostelería S.L., Dos Hermanas (Sevilla); cliente 1082 - Nuevo VH S.L. (CIF B22859946). Importes del albarán: base 478,79 EUR, IVA 21% = 100,55 EUR, total 579,34 EUR. Categoría equipamiento (otros), sin líneas de consumo."
1PBoxpFczuyY0HPNaf0d09IQQf0mCeEAM,https://drive.google.com/file/d/1PBoxpFczuyY0HPNaf0d09IQQf0mCeEAM/view?usp=drivesdk,Facturas junio26,Picking1.jpeg,image/jpeg,2026-06-30T07:46:58.227Z,"Picking Gades, S.L.",B05357132,2026001808,2026-06-02,133.6,13.36,146.96,comida,"4 cajas de postres artesanos en lata 120g marca Tragus (tocino de cielo, dos chocolates, limoncello, queso-frambuesa), 14 uds/caja",4,procesada,2026-07-29,"Cliente Nuevo VH S.L. (NIF B22859946), entrega en Dingui Club, Avenida Juan Melgarejo 10, El Puerto de Santa María. Albarán 2026001979 de 02/06/2026. Importes de línea netos (sin IVA); IVA 10% desglosado en pie de factura. Pago: transferencia +30 días (Bankinter). Nota: 'Limoncello' es postre en lata (no licor)."
1Trw4rcgjume9lm1R6sddbf82ZGSKoXmI,https://drive.google.com/file/d/1Trw4rcgjume9lm1R6sddbf82ZGSKoXmI/view?usp=drivesdk,Facturas junio26,Picking2.jpeg,image/jpeg,2026-06-30T07:47:08.332Z,"Picking Gades, S.L. (Picking Cádiz)",B05357132,2026001809,2026-06-02,114.53,11.45,125.98,comida,Pescado congelado: 2 cajas de steak tartar ultracongelado 135 gr (12 und/caja),2,procesada,2026-07-29,"Cliente Nuevo VH S.L. (NIF B22859946), entrega en Dingui Club, Avenida Juan Melgarejo 10, El Puerto de Santa María. Albarán nº 2026001980 de 02/06/2026. Importes de línea sin IVA (factura desglosa base+IVA). Suma de líneas 114,54 vs base 114,53 por redondeo (precio unitario 57,2658). Pago: transferencia +30 días."
1moCYU-yzs4b6am8HyYmPgTaZDBrD_ps7,https://drive.google.com/file/d/1moCYU-yzs4b6am8HyYmPgTaZDBrD_ps7/view?usp=drivesdk,Facturas junio26,FACTURA 21.CERT 04 DINGUI.pdf,application/pdf,2026-06-10T07:24:03Z,LORENTE Y MILLAN CONSTRUCCIONES S.L.,B11948098,000021,2026-06-04,26729.79,5613.26,32343.05,otros,"4ª certificación de obra de reforma del local (albañilería, fontanería, electricidad, revestimientos, carpinterías, pinturas, insonorización)",0,procesada,2026-07-29,"Factura de construcción (documento 000061). Concepto: 4ª CERTIFICACIÓN de obra. La base de 26.729,79 EUR resulta tras deducir 3 provisiones de fondos ya entregadas (45.401,14 el 04.03.2026, 30.160,46 el 27.04.2026 y 59.651,69 el 15.05.2026). IVA 21%. Pago por transferencia a ES1000490606152712251832. Cliente: NUEVO VH, S.L. (CIF B22859946), Avda. Juan Melgarejo 10, El Puerto de Santa María."
1QP5nxpkr7hWXzUbhABaDmBh07cf1akoM,https://drive.google.com/file/d/1QP5nxpkr7hWXzUbhABaDmBh07cf1akoM/view?usp=drivesdk,Facturas junio26,Carrefour.jpeg,image/jpeg,2026-06-10T21:30:32.655Z,Centros Comerciales Carrefour S.A.,A28425270,2026FBFN01177881,2026-06-09,104.93,22.04,126.97,otros,"Electrónica/equipamiento: cable USB-C Lightning, batería externa 10000 mAh, sistema WiFi TP-Link Deco E4, cargador 65W USB-C",0,procesada,2026-07-29,"Factura simplificada de tienda Carrefour El Paseo (Ctra. Madrid-Cádiz km 653, Puerto de Santa María). Cliente NUEVO VH SL, NIF B22859946. Ticket 07108, centro 0064, caja 007. Pago al contado. IVA único al 21% (base 104,93 + cuota 22,04 = 126,97 EUR). Sin productos de comida ni bebida, por eso lineas=[]"
1tcDRqp6mqnD7IBoI0HUCNIqRCYdq14D9,https://drive.google.com/file/d/1tcDRqp6mqnD7IBoI0HUCNIqRCYdq14D9/view?usp=drivesdk,Facturas junio26,A2606986.pdf,application/pdf,2026-06-11T13:39:14Z,FUTURE IS AN ATTITUDE S.L.,B72412034,A2606986,2026-06-09,149.96,31.49,181.45,otros,"Servicio software Prezo: ALTA - pago único por creación de BBDD (máx. 300 páginas, no acumulable con pack mensual)",0,procesada,2026-07-29,"Emisor: FUTURE IS AN ATTITUDE S.L. (Prezo, administracion@prezo.es), Sitges (Barcelona). Cliente: NUEVO VH SL (B22859946), El Puerto de Santa María. Vencimiento 05/07/2026, pago por transferencia a ES63 0182 5825 4802 0161 3760. IVA 21%. Referencia proforma: PRO2603905. Archivo cacheado en data/facturas/cache/1tcDRqp6mqnD7IBoI0HUCNIqRCYdq14D9.pdf (el download traía cabeceras HTTP antepuestas al %PDF; se limpiaron)."
1y9eninvmf5VV3c1y3Dc3otDovqz0OOYN,https://drive.google.com/file/d/1y9eninvmf5VV3c1y3Dc3otDovqz0OOYN/view?usp=drivesdk,Facturas junio26,Plato al centro.jpeg,image/jpeg,2026-06-10T21:30:42.010Z,"Hostelera Plato al Centro, S.L.U.",B-72383417,073639,2026-06-10,92.73,9.27,102.0,comida,"Comida en restaurante Plato al Centro (CC Vistahermosa, El Puerto de Santa María): menú variable, ticket a nombre de NUEVO VH S.L.",1,procesada,2026-07-29,"Factura simplificada con datos de cliente (NUEVO VH S.L., B-22859946). Precio de línea con IVA incluido (2x 51,00 = 102,00 PVP); desglose fiscal global tipo 10%: base 92,73 / cuota 9,27. Importe de línea reportado sin IVA a partir del desglose. Pago con Visa 102,00. Indica 'Por comensal: 20,40' (5 comensales). Gasto de restauración externa, no compra de mercadería."
16hUZjRmB20aXTE1Udc-Q5zB3o46jUPEF,https://drive.google.com/file/d/16hUZjRmB20aXTE1Udc-Q5zB3o46jUPEF/view?usp=drivesdk,Facturas junio26,FACTURA 23. CERT 05 DINGUI 15062026.pdf,application/pdf,2026-06-18T21:28:09Z,LORENTE Y MILLAN CONSTRUCCIONES S.L.,B11948098,000023,2026-06-15,14680.18,3082.84,17763.02,otros,"5ª certificación de obra: albañilería, saneamiento y fontanería, electricidad, revestimientos, carpinterías, pinturas, seguridad y salud, gestión de residuos, instalación de sonido/iluminación técnica, datos y acometida eléctrica",0,procesada,2026-07-29,"Certificación de obra nº 5 de la reforma del local (obra de construcción, no consumo). Emitida a NUEVO VH SL (CIF B22859946). La certificación bruta suma ~176.623 EUR pero deduce 4 provisiones de fondos previas (45.401,14 + 30.160,46 + 59.651,69 + 26.729,79 = 161.943,08 EUR), quedando base 14.680,18 EUR + 21% IVA = 17.763,02 EUR. Pago por transferencia a ES1000490606152712251832."
1ddhUrlner8coIuRAtkxAfMLmWLiMoPd7,https://drive.google.com/file/d/1ddhUrlner8coIuRAtkxAfMLmWLiMoPd7/view?usp=drivesdk,Facturas junio26,1 compra makro.pdf,application/pdf,2026-06-18T21:28:44.948Z,"Makro Distribución Mayorista, S.A.",A28647451,0/0(018)0209/(2026)004345 (209-0043450),2026-06-15,545.35,95.92,641.27,comida,"Alimentación (frutos secos, conservas, salsas, especias, AOVE, snacks) + menaje/utensilios de cocina y desechables. Sin bebidas.",58,procesada,2026-07-29,"Importes de línea SIN IVA (la factura desglosa IVA al final: base 121,40 al 10% / 393,03 al 21% / 30,92 al 4%). Compra mixta: comida 152,32 EUR base + menaje/equipamiento cocina 393,03 EUR base (líneas marcadas otros_consumo). Cliente Nuevo Vh Sl (NIF B22859946), tienda Makro Puerto de Santa María. Pagada con tarjeta Visa débito. PDF cacheado en /Users/luismdecarvajal/Desktop/dingui_kpis/data/facturas/cache/1ddhUrlner8coIuRAtkxAfMLmWLiMoPd7.pdf | VERIFICACION: DESCUADRE GRAVE: la suma de importe_eur de las 27 líneas extraídas es 190.01 EUR frente a una base imponible de 545.35 EUR (faltan 355.34 EUR, muy por encima del margen de ±1 EUR).; FALTAN 31 LÍNEAS DE PRODUCTO: la extracción se corta tras 'BOWL ENSALADERA MPRO 12CM'. Se omiten 23 líneas del resto de la página 1 (PELADOR UNIVERSAL INOX, ESPATULA PLANCHA INOX, TIJERA COCINA, ESPATULA SILICONA MPRO, BATIDOR INOX MPRO, BOWL REDONDO INOX MPRO 24CM x2, BOWL REDONDO INOX MPRO 30CM x2, TABLA CORTE ARO, PINCEL SILICONA MPRO, MANGA PASTELERA MPRO, AFILADOR 2EN1 MPRO, CUCHI CHEF MPRO, CUCHI PASTEL MPRO, BASCULA PAGE COMPACT300, ESPATULA FIBRA S.ROMAIN, CUBETA GN 1/1 2CM x4, CUBETA GN 1/1 10CM x3, MOLDE RDO 10X4.5, MOLDE RDO 10X6, DOSIFICADOR 1040CC 2UD, DOSIFICADOR MPRO 760CC, FUENT MACA BCO MPRO, FUENTE MODERN MPRO) y las 8 líneas de la página 2 (RAMEQUIN MELAM MPRO, CUCHILLO SANTOKU MPRO, BANDEJA OVAL INOX 20X15, BANDEJA OVAL INOX 27X18, BANDEJA OVAL BORDE VUELTO 40/30/35CM, DELANTAL PETO CRUZADO TEJANO x2). Suma omitida: 355.34 EUR, todas del grupo IVA 21%.; Verificación cruzada por grupos de IVA de la factura: 4% cuadra exacto (extraído 30.92 = factura 30.92), 10% cuadra exacto (extraído 121.40 = factura 121.40), 21% solo 37.69 de 393.03 extraídos — confirma que las líneas presentes son correctas y que TODO lo omitido es menaje/equipamiento al 21%.; tipo_bebida: OK — la factura no contiene ninguna bebida (no hay refrescos, cervezas, vinos, aguas ni alcohol); todas las líneas con tipo_bebida vacío son correctas.; Marcas: OK en lo extraído — MC→Makro Chef, MPRO→Metro Professional, ARO→Aro correctamente normalizadas; Picos Andrés, Prunita, Alsur, Martinete, Riover, Saras, Oleoestepa, Maldon, Blue Dragon, Tusce, Bornier, Ybarra, Ferrer, Madrileña coinciden con la factura. Observación menor: 'PIMENTON DULCE DOP MPM' quedó sin marca (MPM es marca propia Makro Premium) y 'PEPINIL...B.CAM.' sin marca — aceptable como conservador.; Formato de cervezas: no aplica — no hay cervezas en la factura.; Nota menor: el código de envase de la factura para PMTO PIQ-AJILLO RIOVER es TR (tarro) y la extracción dice 'frasco' — equivalente, no bloqueante. El JSON auditado además llega truncado (la última línea no cierra el array), aunque su contenido coincide con la factura."
1_MaEHrbBkbNX1XP9AjjVedyLbs_IioJg,https://drive.google.com/file/d/1_MaEHrbBkbNX1XP9AjjVedyLbs_IioJg/view?usp=drivesdk,Facturas junio26,2compra Makro.pdf,application/pdf,2026-06-18T21:28:37.346Z,"Makro Distribución Mayorista, S.A.",A28647451,0/0(018)0207/(2026)019099 (207-0190990),2026-06-17,174.01,13.17,187.18,comida,"Quesos y lácteos, embutidos, preparados (salmorejo, hummus, guacamole, ensaladilla, pulled pork), gamba, atún, verduras y hortalizas frescas, especias",28,procesada,2026-07-29,"Compra en tienda Makro Puerto de Santa María pagada con tarjeta Visa (aut. 986541). Importes de línea sin IVA. Desglose IVA: 103,54 EUR al 10% (10,35) + 70,47 EUR al 4% (2,82). Cliente: Nuevo Vh Sl, NIF B22859946. Sin líneas de bebida."
1_Dk5T05Oh5LXY_qoGrkygp6xW1vYheMX,https://drive.google.com/file/d/1_Dk5T05Oh5LXY_qoGrkygp6xW1vYheMX/view?usp=drivesdk,Facturas junio26,MGI Lámparas terraza.pdf,application/pdf,2026-06-17T17:33:58.914Z,"Master Gift Import, S.L.U. (MGI Tiendas - MGI El Puerto)",B92385665,1901/267000134,2026-06-17,107.77,22.63,130.4,otros,"Equipamiento para terraza: 7 lámparas sobremesa metal, 10 lámparas sobremesa LED inalámbricas, 3 luces solares forma piedra, 1 ventilador sobremesa 9"" cromado, 2 bolsas grandes MGI",0,procesada,2026-07-29,"PDF escaneado sin capa de texto, leído por OCR visual. IVA único 21%. Pagado en metálico 150,00 EUR con cambio 19,60 EUR. Cliente NUEVO VH S.L. (B22859946). Categoría 'otros' (equipamiento), por lo que no se extraen líneas de consumo."
1_mKKSM_-2GvmtJ2mAU9NIhMobjAkq-au,https://drive.google.com/file/d/1_mKKSM_-2GvmtJ2mAU9NIhMobjAkq-au/view?usp=drivesdk,Facturas junio26,Compra Candados.jpeg,image/jpeg,2026-06-23T10:10:06.461Z,Aqualar Piscinas (Ana María Sánchez Ruiz),48885745G,26000713/1,2026-06-19,41.57,8.73,50.3,otros,"1x Candado Tifón 50 (13,31 EUR) + 12x Cadena G 6x28 (28,26 EUR)",0,procesada,2026-07-29,"Factura de equipamiento/ferretería (candado y cadena), no consumo. IVA 21%. Cliente NUEVO VH, CIF B22859946, Avda. Juan Melgarejo 10, El Puerto de Santa María. Pago con tarjeta, vencimiento 19/06/2026. Suma importes 41,57 EUR coincide con base imponible."
1Av9BJNJLtMW9alqG-3LslnI3p8wGVuZW,https://drive.google.com/file/d/1Av9BJNJLtMW9alqG-3LslnI3p8wGVuZW/view?usp=drivesdk,Facturas junio26,Compra chino.jpeg,image/jpeg,2026-06-23T10:09:57.811Z,Bazar Chino,X4096752-S,50140,2026-06-19,26.45,5.55,32.0,bebida,agua embotellada + alargador electrico,2,procesada,2026-07-29,"Factura simplificada (ticket) de Bazar Chino con CIF del cliente (NUEVO VH SL, B22859946). Mixta: incluye bebida (3x agua 1.5L, 3 EUR) pero la mayor parte del importe es equipamiento (alargador, 29 EUR). Los precios de linea son con IVA incluido; el desglose 21% (base 26.45 / IVA 5.55) solo consta a nivel de total. Pagada con Visa. | VERIFICACION: La suma de importe_eur (3.00 + 29.00 = 32.00) NO cuadra con la base imponible 26.45: desviación de 5.55 EUR (>1 EUR). Los importes extraídos son los de la columna 'Suma' del ticket, que llevan IVA 21% incluido (32.00 es el total con IVA). Para cuadrar con la base hay que netear el IVA: 3.00/1.21 = 2.48 y 29.00/1.21 = 23.97 (2.48 + 23.97 = 26.45, exacto).; Los precio_unitario_eur también están con IVA incluido (1.00 y 29.00); netos serían ~0.83 y 23.97."
1DcxRbC1pa8bHzYCRyxt4mJQCm35rvhpE,https://drive.google.com/file/d/1DcxRbC1pa8bHzYCRyxt4mJQCm35rvhpE/view?usp=drivesdk,Facturas junio26,3compra Makro.pdf,application/pdf,2026-06-30T07:12:26.616Z,"Makro Distribución Mayorista, S.A.",A28647451,0/0(018)0205/(2026)018532,2026-06-19,167.23,35.12,202.35,otros,"Menaje y equipamiento de hostelería: cubertería (tenedores, cucharas, cuchillos), bandejas inox, tabla de corte, cubertero, especiero, pinzas de hielo, ceniceros, cubo de basura 95L y papel higiénico",0,procesada,2026-07-29,"Factura Makro tienda Puerto de Santa María a Nuevo Vh Sl (Digui), NIF cliente B22859946. 14 líneas, todas equipamiento/menaje sin comida ni bebida, por lo que lineas=[]. IVA único al 21%. Pagada con tarjeta Visa débito (202,35 EUR, aut. 341894). Páginas 2-3 son recibos del TPV."
1iZwuY21iqtDQHCTHc8SEYV62iRAbKtvS,https://drive.google.com/file/d/1iZwuY21iqtDQHCTHc8SEYV62iRAbKtvS/view?usp=drivesdk,Facturas junio26,Compra Unic.pdf,application/pdf,2026-06-30T15:37:24.458Z,"SUMINISTROS UNIC, S.L.",B11349396,2026//4342,2026-06-19,55.71,11.7,67.41,otros,"Menaje/equipamiento de hostelería: 1 cubeta 35L (11,78€), 2 pinzas de hielo con abridor (4,12€), 3 bandejas de camarero 40cm (39,81€)",0,procesada,2026-07-29,"Cliente NUEVO VH S.L (CIF ESB22859946). Albarán 2026//5142 de 19/06/2026. Pago con tarjeta, vencimiento 19/06/2026. IVA 21%. Sin líneas de comida/bebida: categoría 'otros', lineas=[]."
1ikkSNo9RKAaD9zxue6IYz3xNTdgU5eSI,https://drive.google.com/file/d/1ikkSNo9RKAaD9zxue6IYz3xNTdgU5eSI/view?usp=drivesdk,Facturas junio26,Factura Merino1.pdf,application/pdf,2026-06-23T10:14:36.023Z,Merino (distribuidor de bebidas),B11361557,18826/26A,2026-06-22,9149.18,1921.33,11070.51,bebida,"Destilados (ron, ginebra, whisky, vodka, tequila) y champagne (Mumm, Moet & Chandon, Dom Perignon). 28 lineas, 505 botellas.",28,procesada,2026-07-29,"Nombre del proveedor no figura en el texto extraible (solo logo); 'Merino' tomado del nombre del archivo y CIF B11361557 del pie registral (Reg. Mercantil de Cadiz). Cliente: NUEVO VH SL (NIF B22859946), pto. venta DINGUI. Ref. albaran 31000/26A de 19/06/26. Importes de linea SIN IVA (IVA 21% desglosado). Suma de lineas cuadra con base imponible. 4 lineas promocionales a 0,00 EUR. | VERIFICACION: Faltan 2 líneas de producto al final de la factura: MACARONESIAN GIN 0,7L(6U) (1 ud x 17,20 = 17,20 EUR) y BOLD CREW WHISKY 0,7L(6U) (1 ud x 11,10 = 11,10 EUR). La suma de la extracción queda en 9.120,88 EUR (asumiendo J.WALKER BLUE completa: 2 x 191,11 = 382,22) frente a la base imponible 9.149,18 EUR: descuadre de 28,30 EUR, fuera de la tolerancia de ±1 EUR. Con las 28 líneas del PDF la suma cuadra exacta (9.149,18).; La línea J.WALKER BLUE 0,7L(6U) llegó truncada en la extracción a auditar; según el PDF debe ser 2 uds x 191,11 = 382,22 EUR.; SEAGRAM'S 0.0 GIN S/ALCOHOL tiene tipo_bebida='otros', valor fuera del vocabulario permitido (refresco/cerveza/alcohol/vino/agua); por la convención 'sin alcohol -> refresco' (tónica=refresco) debería ser 'refresco'. Línea a 0 EUR, sin impacto económico.; Sin problemas en el resto: aritmética por línea correcta (precio x unidades = importe en las 25 líneas completas), tipos alcohol/vino correctos (champagnes como vino), marcas correctas y normalizadas, y no hay cervezas en la factura (formato botella correcto en todas las líneas)."
1OPHLj_ZMPmEMrxIAMLJPOUh9f8V2uenO,https://drive.google.com/file/d/1OPHLj_ZMPmEMrxIAMLJPOUh9f8V2uenO/view?usp=drivesdk,Facturas junio26,Compra candados 2.jpeg,image/jpeg,2026-06-23T10:10:14.443Z,Aqualar Piscinas (Ana María Sánchez Ruiz),48885745G,26000728/1,2026-06-23,40.94,8.6,49.54,otros,"Cadena G 6x28 (6 ud), Candado Tifon 50 (1 ud), Candado Tifon 50AL (1 ud, dto 10%)",0,procesada,2026-07-29,"Factura de ferretería/equipamiento (candados y cadena) emitida por tienda de piscinas. Cliente NUEVO VH, CIF B22859946, Avda. Juan Melgarejo 10, El Puerto de Santa María. IVA 21%. Pago con tarjeta, vencimiento 23/06/2026. Archivo cacheado en /Users/luismdecarvajal/Desktop/dingui_kpis/data/facturas/cache/1OPHLj_ZMPmEMrxIAMLJPOUh9f8V2uenO.jpeg"
1DNBmhbNTFhmB-MPPDvGzwD5QAl-Mg5OP,https://drive.google.com/file/d/1DNBmhbNTFhmB-MPPDvGzwD5QAl-Mg5OP/view?usp=drivesdk,Facturas junio26,Barter junio.pdf,application/pdf,2026-06-30T06:27:44.114Z,BARTER CONSULTANCY PARTNERS SL,B56893407,154-2026,2026-06-25,500.0,105.0,605.0,otros,Marketing Digital,0,procesada,2026-07-29,"Factura de servicios (marketing digital), 1 unidad x 500,00 EUR + 21% IVA. Vencimiento 29/06/2026, pago por domiciliacion bancaria. Sin lineas de producto por ser categoria otros."
1gnsr3jMMRKVsA9cu8iYnIyau4zXKJaBP,https://drive.google.com/file/d/1gnsr3jMMRKVsA9cu8iYnIyau4zXKJaBP/view?usp=drivesdk,Facturas junio26,Leroy Merlin - Ventiladores y accesorios,image/jpeg,2026-06-25T20:10:13.932Z,Leroy Merlin España SLU,B84818442,015-0006-326922,2026-06-25,139.5,29.3,168.8,otros,"Ventilador industrial Equation Jervis3 120W (x3), base 3 tomas con interruptor 3m (x2), varilla roscada zinc 8mm 1m (x4), manguitos zinc CR3 diam 8 (x1 pack de 4)",0,procesada,2026-07-29,"Factura de equipamiento/ferretería (ventiladores y accesorios de instalación), no consumo. Tienda Leroy Merlin Jerez, cliente NUEVO VH SL (NIF B22859946). IVA 21%. Pago en efectivo 200 EUR, cambio 31,20 EUR. Ticket de caja 026412 adjunto en la misma imagen."
1K7d-bqs67rsYrWU0DouNYF1QEmtuoCYE,https://drive.google.com/file/d/1K7d-bqs67rsYrWU0DouNYF1QEmtuoCYE/view?usp=drivesdk,Facturas junio26,Compra chino 4.jpeg,image/jpeg,2026-06-30T06:55:40.025Z,Bazar Chino,X4096752S,50548,2026-06-26,8.43,1.77,10.2,otros,"Artículos de bazar/limpieza: 2 fregonas y 2 unidades de un artículo genérico de 3,90 EUR",0,procesada,2026-07-29,"Factura simplificada (ticket) con CIF del cliente (NUEVO VH SL, B22859946). Línea 'Articulo 3.9 Euros' sin descripción del producto. Pago con Visa. IVA 21% desglosado. Precios de línea con IVA incluido."
1A2Tp3tmFWFG-3CrD4T3CFbRzIJ3fg_8L,https://drive.google.com/file/d/1A2Tp3tmFWFG-3CrD4T3CFbRzIJ3fg_8L/view?usp=drivesdk,Facturas junio26,Compra chino manguera.jpeg,image/jpeg,2026-06-30T15:37:05.282Z,Bazar Chino,X4096752S,50817,2026-06-30,14.88,3.12,18.0,otros,Manguera (1 ud),0,procesada,2026-07-29,"Ticket-factura simplificada de bazar (Av. Juan Melgarejo SN, El Puerto de Santa María, 11500 Cádiz) con cliente identificado: NUEVO VH SL, CIF B22859946. Pago con Visa. IVA 21% desglosado. Compra de equipamiento/suministro (manguera), sin productos de comida ni bebida."
1Nxrgo7krmCsM_teDsVqdeneHPqZXavip,https://drive.google.com/file/d/1Nxrgo7krmCsM_teDsVqdeneHPqZXavip/view?usp=drivesdk,Facturas junio26,FA1983.pdf,application/pdf,2026-07-06T08:31:19Z,DISTRIBUCIONES DILASO S.L.,B06821284,1983,2026-06-30,22.17,4.66,26.83,otros,Rollo posavajillas rojo 3m x 65cm (menaje/consumible hostelería),0,procesada,2026-07-29,"Proveedor opera como Hostelclinic (administracion@hostelclinic.es). Cliente NUEVO VH S.L. / DINGUI CLUB, NIF B22859946, cod. cliente 43000454. Referencia albarán SF-2944 de 19/06/2026. IVA único 21%. Sin líneas de comida/bebida: categoría 'otros', lineas=[]. Pago por transferencia ES49 0081 7418 6000 0159 6070, vencimiento 30/06/26."
18jPUAORO_zVRyK4LKWbj6C_d2MEFJTS0,https://drive.google.com/file/d/18jPUAORO_zVRyK4LKWbj6C_d2MEFJTS0/view?usp=drivesdk,Facturas junio26,Plato al centro 2.jpeg,image/jpeg,2026-06-30T15:36:53.450Z,"Hostelera Plato al Centro, S.L.U.",B-72383417,075292,2026-06-30,22.73,2.27,25.0,comida+bebida,"Consumición en restaurante: pimientos rellenos, ensaladilla, 1/2 tosta cuatropaso y 3 cañas",4,procesada,2026-07-29,"Factura simplificada (ticket) emitida a NUEVO VH S.L. (B-22859946). Precios de línea en ticket con IVA incluido (PVP); importes de línea calculados sin IVA al tipo 10% (suman la base 22,73 EUR). Pago con Visa 25,00 EUR. 2 comensales (por comensal 12,50)."
1eaJTvJ02Mu3v5g44D6S7mQGfItB1IHSh,https://drive.google.com/file/d/1eaJTvJ02Mu3v5g44D6S7mQGfItB1IHSh/view?usp=drivesdk,Facturas mayo26,5560923357.pdf,application/pdf,2026-05-29T11:51:58Z,Google Cloud EMEA Limited,IE3668997OH,5560923357,2026-04-30,8.1,0.0,8.1,otros,"Suscripción Google Workspace Business Starter (dominio dinguiclub.com), periodo 1 abr - 30 abr 2026",0,procesada,2026-07-29,"Servicio intracomunitario con inversión del sujeto pasivo (art. 196 Directiva 2006/112/CE): IVA 0% en factura, el destinatario (Nuevo VH SL, NIF ES B22859946) debe autoliquidar el IVA. Cliente figura como 'Nuevo VH sl - Dingui'. ID de facturación 2142-7572-2331."
14sPRHBol262mrwGAH4VQYYny8pGXq7Kb,https://drive.google.com/file/d/14sPRHBol262mrwGAH4VQYYny8pGXq7Kb/view?usp=drivesdk,Facturas mayo26,46-Nuevo VH SL.pdf,application/pdf,2026-05-04T10:17:33Z,REALMIVO S.L.,B-09664194,46/26,2026-05-01,1898.36,398.66,2297.02,otros,"Arrendamiento local comercial nº 21 CC Vistahermosa (mayo) 1.700,00 EUR + cuota ordinaria comunidad de propietarios abril 2026 198,36 EUR",0,procesada,2026-07-29,"Factura de alquiler: NUEVO VH S.L. (CIF B-22.859.946) es el arrendatario/cliente, no el proveedor. Emisor: REALMIVO S.L., Calle Sánchez Barcaiztegui 2-1ª planta oficina 5, 11005 Cádiz. Pago por transferencia a ES57 0049 7343 7125 1000 9481. IVA 21%."
13GHqtu-biaYwje8OY4kXoqwts6qP2xAI,https://drive.google.com/file/d/13GHqtu-biaYwje8OY4kXoqwts6qP2xAI/view?usp=drivesdk,Facturas mayo26,Thomann Dingui   -   2026_05_04_89277865.pdf,application/pdf,2026-05-20T11:20:40Z,Thomann GmbH,DE257375233,89277865,2026-05-04,3604.3,756.9,4361.2,otros,"Equipamiento de iluminación y sonido: case Flyht Pro para CDJ-3000X, tarima Stairville Tour Stage con patas, barras LED (Eurolite LED BAR-6, Varytec BeamStick 40, Giga Bar Frost Pix 8), sunstrips Varytec Starstrip 10, controlador AKAI APC mini MK2, controlador DMX Wolfmix W1 Mk3, par LED Stairville y accesorios (barndoors, cinta gaffer)",0,procesada,2026-07-29,"Factura intracomunitaria de Thomann (Alemania) con IVA 21% aplicado (OSS). Cliente NUEVO VH S.L. (B22859946), nº cliente 8042843. Pagada con Visa. La posición 011 (Wolfmix W1 Mk3) figura a 0 EUR porque ya fue cobrada (pos. 017, 815 EUR) y se enviará al reponerse stock; pos. 014 es un addon gratuito (Bitwig Studio 8-Track). Categoría 'otros' (equipamiento), sin líneas de consumo."
11_Y7J0OUf0irNj9VozKC97GZDcdNY-UK,https://drive.google.com/file/d/11_Y7J0OUf0irNj9VozKC97GZDcdNY-UK/view?usp=drivesdk,Facturas mayo26,A34083.pdf,application/pdf,2026-05-07T09:51:40Z,Gráficas Pedraza SL,B80453012,A 34083,2026-05-06,79.0,16.59,95.59,otros,Imprenta: 750 pulseras (2 colores) para eventos,0,procesada,2026-07-29,"Factura de imprenta (Gráficas Pedraza, Madrid). CIF del cliente NUEVO VH SL: B22859946. Pago por transferencia, vencimiento 06/05/26. No es comida/bebida, por lo que no se extraen líneas."
1C3o4SekCP8I8i4sYBzyFPbjpVPeC4hra,https://drive.google.com/file/d/1C3o4SekCP8I8i4sYBzyFPbjpVPeC4hra/view?usp=drivesdk,Facturas mayo26,Editor IA  -  2026024.pdf,application/pdf,2026-05-11T19:34:57.988Z,BA visuals LLC,41-3356160,2026024,2026-05-09,138.0,0.0,138.0,otros,Graphic Design Services: post-producción del vídeo oficial de DINGUI,0,procesada,2026-07-29,"Proveedor extranjero (EE.UU., TIN 41-3356160, cobra vía Wise Europe/IBAN belga). La factura no desglosa IVA (0 EUR); posible inversión del sujeto pasivo. Cliente: NUEVO VH S.L. (NIF B22859946). Vencimiento 2026-05-23. Servicio de marketing/audiovisual, sin líneas de comida/bebida."
1a2J2d3CR1O-rh7VTCMmw-QuiK4ThEakr,https://drive.google.com/file/d/1a2J2d3CR1O-rh7VTCMmw-QuiK4ThEakr/view?usp=drivesdk,Facturas mayo26,Nuevo VH albaran.pdf,application/pdf,2026-05-15T20:53:03Z,Innovación y Diseño para Hostelería S.L. (ID Hostelería),B22589188,2600703,2026-05-14,992.0,208.32,1200.32,otros,"Mesa refrigerada compacta 3 puertas línea Pekín (acero inox, 400L) 952,00 € + gastos logísticos 40,00 €",0,no_factura,2026-07-29,"El documento es un ALBARÁN, no una factura (así titulado; nº albarán 2600703). Cliente: Nuevo VH S.L. (B22859946), El Puerto de Santa María. Es equipamiento de hostelería (maquinaria de frío), categoría 'otros'. IVA 21% desglosado. Habrá que localizar la factura correspondiente del mismo proveedor para contabilizarla."
148oaYZ6vmyLPFa7orPcR935GMAZn5uDJ,https://drive.google.com/file/d/148oaYZ6vmyLPFa7orPcR935GMAZn5uDJ/view?usp=drivesdk,Facturas mayo26,FACTURA 18. CERT 3 DINGUI.pdf,application/pdf,2026-05-15T20:54:23Z,LORENTE Y MILLAN CONSTRUCCIONES S.L.,B11948098,000018,2026-05-15,59651.69,12526.85,72178.54,otros,"3ª certificación de obra: albañilería, saneamiento y fontanería, electricidad, revestimientos, carpinterías, pinturas, seguridad y salud, gestión de residuos, extras (tarima DJ y zona VIP, perímetro acústico, arcos pladur)",0,procesada,2026-07-29,"Factura de construcción (reforma del local) emitida a NUEVO VH S.L. IVA 21%. Descuenta 1ª provisión de fondos del 04.03.2026 (-45.401,14 EUR) y 2ª provisión del 27.04.2026 (-30.160,46 EUR). Pago por transferencia a ES1000490606152712251832. PDF de 8 páginas cacheado localmente."
1KA0wCkLXkeHyR819bQ9CJOTDrj6QoihK,https://drive.google.com/file/d/1KA0wCkLXkeHyR819bQ9CJOTDrj6QoihK/view?usp=drivesdk,Facturas mayo26,Thomann Dingui 2 abono   -   2026_05_04_89277865.pdf,application/pdf,2026-05-20T11:23:32Z,Thomann GmbH,DE257375233,89621117,2026-05-19,-673.55,-141.45,-815.0,otros,"Abono (Credit Note) por devolución de 1 ud Wolfmix W1 Mk3, controlador DMX standalone para iluminación (art. 637301), 815,00 EUR IVA incl.",0,procesada,2026-07-29,"Documento tipo Credit Note (abono/factura rectificativa), no factura de compra: importes registrados en negativo; el PDF muestra 815,00 EUR (base 673,55 + IVA 21% 141,45) a favor del cliente. Cliente: NUEVO VH S.L. (CIF B22859946), pedido 202621.421548/4405, cliente nº 8042843. El campo cif contiene el NIF-IVA del proveedor alemán (USt.-IdNr.). Fecha del documento 19.05.2026 aunque el nombre del archivo indica 2026_05_04. Equipamiento técnico, sin líneas de comida/bebida."
16tFMR_eB9qyV9Et8zbTgfcj8JvN9M7TH,https://drive.google.com/file/d/16tFMR_eB9qyV9Et8zbTgfcj8JvN9M7TH/view?usp=drivesdk,Facturas mayo26,Madrid Hifi - Wolfmix pack   -   factura-W26024214.pdf,application/pdf,2026-05-20T10:50:45Z,DIGITAL AUDIMAGEN BQ SL (Madrid Hifi),B81979965,W26024214,2026-05-20,710.79,149.26,860.05,otros,"Controlador de iluminacion DMX Wolfmix W1 MK3 (686,00 EUR) + funda Walkasse W-MCB-WOLFMIX EVA (24,79 EUR) + gastos de envio (0,00 EUR)",0,procesada,2026-07-29,"Equipamiento tecnico (iluminacion/DJ), no consumo. IVA 21%. Pagado con tarjeta el 20/05/2026. Cliente NUEVO VH S.L. (B22859946), Avda. Juan Melgarejo 10, 11500 El Puerto de Santa Maria. Ref. cliente MH17792795182, codigo cliente CL1344316."
1zlu50hTpWg1gY8zicev3WBT1LRbLo4Wr,https://drive.google.com/file/d/1zlu50hTpWg1gY8zicev3WBT1LRbLo4Wr/view?usp=drivesdk,Facturas mayo26,Nuevo vh actualizado.pdf,application/pdf,2026-05-27T15:11:51Z,Innovación y Diseño para Hostelería S.L.,B22589188,2600733,2026-05-20,1963.81,412.4,2376.21,otros,"Equipamiento de hostelería: armario refrigeración/congelación ACM 752, botellero expositor contramostrador 3 puertas, fregadero industrial 800x500mm, pedal automezclador de suelo, monomando cromado",0,no_factura,2026-07-29,"El documento es un ALBARÁN (así rotulado en cabecera), no una factura. Nº de albarán 2600733 de ID Hostelería (Innovación y Diseño para Hostelería S.L., Dos Hermanas, Sevilla) a nombre del cliente 1082 - Nuevo VH, S.L. (CIF B22859946). Importes del albarán: base 1.963,81 € + 21% IVA (412,40 €) = 2.376,21 €. Categoría 'otros' (equipamiento), sin desglose de líneas de consumo. Habría que reclamar la factura definitiva al proveedor."
1C_afhEkCYu0GMzIrQs1mvXwlvrT-BZ6_,https://drive.google.com/file/d/1C_afhEkCYu0GMzIrQs1mvXwlvrT-BZ6_/view?usp=drivesdk,Facturas mayo26,Betopper luces  -  #12676 Invoice.pdf,application/pdf,2026-05-28T09:56:56.481Z,"Big Dipper Laser Science and Technology Co., Ltd. (Betopper)",,12676,2026-05-28,3283.43,0.0,3283.43,otros,"4x Betopper LB150 150W Beam Moving Head LED Stage Light + Shipping Protection (99,43)",0,procesada,2026-07-29,"IMPORTES EN USD, no EUR (factura de exportación desde Shenzhen, China; Sub Total $3,283.43 = TOTAL, sin IVA desglosado). Proveedor chino sin CIF español; el VAT ESB22859946 que figura en la factura corresponde al comprador NUEVO VH S.L. Sales Channel: BETOPPER Direct. Equipamiento de iluminación de escenario, no consumo."
1GTtCJgTZd9prqMxGICpXMuarftlZRxU_,https://drive.google.com/file/d/1GTtCJgTZd9prqMxGICpXMuarftlZRxU_/view?usp=drivesdk,Facturas mayo26,WOLFMIX extensiones 3D y universos  -  IVDYF62YRRI5B2PF7B42O5AWMYKE.pdf,application/pdf,2026-05-28T09:53:35Z,FastSpring,EU372017645,IVDYF62YRRI5B2PF7B42O5AWMYKE,2026-05-28,265.29,55.71,321.0,otros,"Licencias software Wolfmix (Nicolaudie Group): universo DMX adicional #4, universo DMX adicional #3 y visualizador 3D (88,43 EUR + 18,57 EUR IVA cada uno)",0,procesada,2026-07-29,"Documento titulado RECEIPT pero con Invoice ID, desglose de IVA (21%) e identificacion fiscal de comprador (NUEVO VH S.L., ESB22859946) y vendedor. Vendido por FastSpring (Santa Barbara, CA, US) como reseller autorizado de Nicolaudie Group. Order ID LC260528-8279-44101, pagado integramente el 2026-05-28. Equipamiento tecnico de iluminacion/software, sin lineas de consumo."
1DEBCyZrm-OUWHLXlM9Cu_yBWeA2BF1yq,https://drive.google.com/file/d/1DEBCyZrm-OUWHLXlM9Cu_yBWeA2BF1yq/view?usp=drivesdk,Facturas mayo26,F267112.pdf,application/pdf,2026-05-29T11:53:13Z,Tipsipos Technology SL,B90384298,F267112,2026-05-28,879.96,184.79,1064.75,otros,"Equipamiento TPV y servicios: Puesta en Marcha Esencial (134,95€ tras dto. 10%), Pack Digitalización Posiflex TPV 10POS FT-15 (595€), impresora térmica 10POS RP-12N (90€), cajón portamonedas Posiflex (60€); descuento por ítem 15€; todo al 21% IVA",0,procesada,2026-07-29,"Factura de equipamiento/servicios (no comida ni bebida), emitida por el proveedor del software TPV Tipsi al cliente NUEVO VH SL - Dingui (CIF cliente B22859946). Pago por transferencia, fecha de cobro 28/05/2026. PDF cacheado en /Users/luismdecarvajal/Desktop/dingui_kpis/data/facturas/cache/1DEBCyZrm-OUWHLXlM9Cu_yBWeA2BF1yq.pdf"
1ikEHR4VeoqIKWwm9h_TMvVB92V5A8-Mv,https://drive.google.com/file/d/1ikEHR4VeoqIKWwm9h_TMvVB92V5A8-Mv/view?usp=drivesdk,Facturas mayo26,F267113.pdf,application/pdf,2026-05-29T11:53:11Z,Tipsipos Technology SL,B90384298,F267113,2026-05-28,69.91,14.68,84.59,otros,"Licencia Tipsi Pro (63,96 EUR tras 20% dto.) + Licencia Mensual Pedir en Mesa (5,95 EUR), IVA 21%",0,procesada,2026-07-29,Factura de servicios de software TPV (Tipsi) al cliente NUEVO VH SL - Dingui (CIF cliente B22859946). Primer mes de licencias; cobro 28/05/2026. PDF cacheado en /Users/luismdecarvajal/Desktop/dingui_kpis/data/facturas/cache/1ikEHR4VeoqIKWwm9h_TMvVB92V5A8-Mv.pdf
